Workbook

Sheet 01_手动输入
A1: CATL 四层映射引擎 通用模板 - 手动输入总表
A2: 说明：只有本 Sheet 允许手动修改。黄色列是实际输入值，模板默认填入通用示例值，后面所有 Sheet 都由公式自动拉取与计算。
A3: 类别 | B3: 字段代码 | C3: 手动输入项（中文） | D3: 英文对应 | E3: 单位 | F3: 示例值 | G3: 实际输入值 | H3: 说明 | I3: 常见证据 | J3: 主要影响输出 | K3: 字段数据类型 | L3: 是否必填 | M3: 录入方式 | N3: 建议来源系统 | O3: 字段责任人 | P3: 保密等级 | Q3: 校验规则ID | R3: 缺口状态 | S3: 可直接复用CATL公开披露? | T3: 下一步动作
A4: A. 基本身份 | B4: manufacturer_name | C4: 制造商名称 | D4: manufacturer name | E4: 文本 | F4: CATL | G4: CATL | H4: 公司主体识别字段 | I4: 营业执照/年报 | J4: EU+CBAM | K4: =IFERROR(INDEX('12_字段字典'!$D:$D,MATCH($B4,'12_字段字典'!$B:$B,0)),"") | L4: =IFERROR(INDEX('12_字段字典'!$E:$E,MATCH($B4,'12_字段字典'!$B:$B,0)),"") | M4: =IFERROR(INDEX('12_字段字典'!$F:$F,MATCH($B4,'12_字段字典'!$B:$B,0)),"") | N4: =IFERROR(INDEX('12_字段字典'!$G:$G,MATCH($B4,'12_字段字典'!$B:$B,0)),"") | O4: =IFERROR(INDEX('12_字段字典'!$H:$H,MATCH($B4,'12_字段字典'!$B:$B,0)),"") | P4: =IFERROR(INDEX('12_字段字典'!$I:$I,MATCH($B4,'12_字段字典'!$B:$B,0)),"") | Q4: =IFERROR(INDEX('12_字段字典'!$J:$J,MATCH($B4,'12_字段字典'!$B:$B,0)),"") | R4: =IFERROR(INDEX('12_字段字典'!$K:$K,MATCH($B4,'12_字段字典'!$B:$B,0)),"") | S4: =IFERROR(INDEX('12_字段字典'!$L:$L,MATCH($B4,'12_字段字典'!$B:$B,0)),"") | T4: =IFERROR(INDEX('12_字段字典'!$M:$M,MATCH($B4,'12_字段字典'!$B:$B,0)),"")
A5: A. 基本身份 | B5: product_name | C5: 产品名称 | D5: product name | E5: 文本 | F5: CATL 通用电池产品模板（Generic Example） | G5: CATL 通用电池产品模板（Generic Example） | H5: 用于任意 CATL 电池产品的模板名称，而非固定神行案例 | I5: 产品主数据 | J5: EU | K5: =IFERROR(INDEX('12_字段字典'!$D:$D,MATCH($B5,'12_字段字典'!$B:$B,0)),"") | L5: =IFERROR(INDEX('12_字段字典'!$E:$E,MATCH($B5,'12_字段字典'!$B:$B,0)),"") | M5: =IFERROR(INDEX('12_字段字典'!$F:$F,MATCH($B5,'12_字段字典'!$B:$B,0)),"") | N5: =IFERROR(INDEX('12_字段字典'!$G:$G,MATCH($B5,'12_字段字典'!$B:$B,0)),"") | O5: =IFERROR(INDEX('12_字段字典'!$H:$H,MATCH($B5,'12_字段字典'!$B:$B,0)),"") | P5: =IFERROR(INDEX('12_字段字典'!$I:$I,MATCH($B5,'12_字段字典'!$B:$B,0)),"") | Q5: =IFERROR(INDEX('12_字段字典'!$J:$J,MATCH($B5,'12_字段字典'!$B:$B,0)),"") | R5: =IFERROR(INDEX('12_字段字典'!$K:$K,MATCH($B5,'12_字段字典'!$B:$B,0)),"") | S5: =IFERROR(INDEX('12_字段字典'!$L:$L,MATCH($B5,'12_字段字典'!$B:$B,0)),"") | T5: =IFERROR(INDEX('12_字段字典'!$M:$M,MATCH($B5,'12_字段字典'!$B:$B,0)),"")
A6: A. 基本身份 | B6: model_code | C6: 电池型号代码 | D6: battery model identifier | E6: 文本 | F6: GENERIC-BATTERY-MODEL-001 | G6: GENERIC-BATTERY-MODEL-001 | H6: 通用模板的产品锚点，可替换为任意实际型号 | I6: 型号注册表 | J6: EU+CBAM | K6: =IFERROR(INDEX('12_字段字典'!$D:$D,MATCH($B6,'12_字段字典'!$B:$B,0)),"") | L6: =IFERROR(INDEX('12_字段字典'!$E:$E,MATCH($B6,'12_字段字典'!$B:$B,0)),"") | M6: =IFERROR(INDEX('12_字段字典'!$F:$F,MATCH($B6,'12_字段字典'!$B:$B,0)),"") | N6: =IFERROR(INDEX('12_字段字典'!$G:$G,MATCH($B6,'12_字段字典'!$B:$B,0)),"") | O6: =IFERROR(INDEX('12_字段字典'!$H:$H,MATCH($B6,'12_字段字典'!$B:$B,0)),"") | P6: =IFERROR(INDEX('12_字段字典'!$I:$I,MATCH($B6,'12_字段字典'!$B:$B,0)),"") | Q6: =IFERROR(INDEX('12_字段字典'!$J:$J,MATCH($B6,'12_字段字典'!$B:$B,0)),"") | R6: =IFERROR(INDEX('12_字段字典'!$K:$K,MATCH($B6,'12_字段字典'!$B:$B,0)),"") | S6: =IFERROR(INDEX('12_字段字典'!$L:$L,MATCH($B6,'12_字段字典'!$B:$B,0)),"") | T6: =IFERROR(INDEX('12_字段字典'!$M:$M,MATCH($B6,'12_字段字典'!$B:$B,0)),"")
A7: A. 基本身份 | B7: battery_category | C7: 产品业务类别 | D7: product business category | E7: 文本 | F7: EV battery / ESS battery / special application | G7: EV battery / ESS battery / special application | H7: 这是业务和产品线分类；正式欧盟监管适用类别请看 regulatory_battery_class | I7: 技术规格书 | J7: EU | K7: =IFERROR(INDEX('12_字段字典'!$D:$D,MATCH($B7,'12_字段字典'!$B:$B,0)),"") | L7: =IFERROR(INDEX('12_字段字典'!$E:$E,MATCH($B7,'12_字段字典'!$B:$B,0)),"") | M7: =IFERROR(INDEX('12_字段字典'!$F:$F,MATCH($B7,'12_字段字典'!$B:$B,0)),"") | N7: =IFERROR(INDEX('12_字段字典'!$G:$G,MATCH($B7,'12_字段字典'!$B:$B,0)),"") | O7: =IFERROR(INDEX('12_字段字典'!$H:$H,MATCH($B7,'12_字段字典'!$B:$B,0)),"") | P7: =IFERROR(INDEX('12_字段字典'!$I:$I,MATCH($B7,'12_字段字典'!$B:$B,0)),"") | Q7: =IFERROR(INDEX('12_字段字典'!$J:$J,MATCH($B7,'12_字段字典'!$B:$B,0)),"") | R7: =IFERROR(INDEX('12_字段字典'!$K:$K,MATCH($B7,'12_字段字典'!$B:$B,0)),"") | S7: =IFERROR(INDEX('12_字段字典'!$L:$L,MATCH($B7,'12_字段字典'!$B:$B,0)),"") | T7: =IFERROR(INDEX('12_字段字典'!$M:$M,MATCH($B7,'12_字段字典'!$B:$B,0)),"")
A8: A. 基本身份 | B8: chemistry | C8: 化学体系 | D8: chemistry | E8: 文本 | F8: LFP / LMFP / NMC（模板示例） | G8: LFP / LMFP / NMC（模板示例） | H8: 保留化学体系接口，但不绑定单一神行配方 | I8: BOM/规格书 | J8: EU+CBAM | K8: =IFERROR(INDEX('12_字段字典'!$D:$D,MATCH($B8,'12_字段字典'!$B:$B,0)),"") | L8: =IFERROR(INDEX('12_字段字典'!$E:$E,MATCH($B8,'12_字段字典'!$B:$B,0)),"") | M8: =IFERROR(INDEX('12_字段字典'!$F:$F,MATCH($B8,'12_字段字典'!$B:$B,0)),"") | N8: =IFERROR(INDEX('12_字段字典'!$G:$G,MATCH($B8,'12_字段字典'!$B:$B,0)),"") | O8: =IFERROR(INDEX('12_字段字典'!$H:$H,MATCH($B8,'12_字段字典'!$B:$B,0)),"") | P8: =IFERROR(INDEX('12_字段字典'!$I:$I,MATCH($B8,'12_字段字典'!$B:$B,0)),"") | Q8: =IFERROR(INDEX('12_字段字典'!$J:$J,MATCH($B8,'12_字段字典'!$B:$B,0)),"") | R8: =IFERROR(INDEX('12_字段字典'!$K:$K,MATCH($B8,'12_字段字典'!$B:$B,0)),"") | S8: =IFERROR(INDEX('12_字段字典'!$L:$L,MATCH($B8,'12_字段字典'!$B:$B,0)),"") | T8: =IFERROR(INDEX('12_字段字典'!$M:$M,MATCH($B8,'12_字段字典'!$B:$B,0)),"")
A9: A. 基本身份 | B9: plant_code | C9: 制造工厂代码 | D9: plant code | E9: 文本 | F9: CN-PLANT-TEMPLATE-001 | G9: CN-PLANT-TEMPLATE-001 | H9: 主要制造工厂代码；若产品还涉及单独总成装配地点，请同时填写 assembly_site_* 字段 | I9: 工厂注册表 | J9: EU+CBAM | K9: =IFERROR(INDEX('12_字段字典'!$D:$D,MATCH($B9,'12_字段字典'!$B:$B,0)),"") | L9: =IFERROR(INDEX('12_字段字典'!$E:$E,MATCH($B9,'12_字段字典'!$B:$B,0)),"") | M9: =IFERROR(INDEX('12_字段字典'!$F:$F,MATCH($B9,'12_字段字典'!$B:$B,0)),"") | N9: =IFERROR(INDEX('12_字段字典'!$G:$G,MATCH($B9,'12_字段字典'!$B:$B,0)),"") | O9: =IFERROR(INDEX('12_字段字典'!$H:$H,MATCH($B9,'12_字段字典'!$B:$B,0)),"") | P9: =IFERROR(INDEX('12_字段字典'!$I:$I,MATCH($B9,'12_字段字典'!$B:$B,0)),"") | Q9: =IFERROR(INDEX('12_字段字典'!$J:$J,MATCH($B9,'12_字段字典'!$B:$B,0)),"") | R9: =IFERROR(INDEX('12_字段字典'!$K:$K,MATCH($B9,'12_字段字典'!$B:$B,0)),"") | S9: =IFERROR(INDEX('12_字段字典'!$L:$L,MATCH($B9,'12_字段字典'!$B:$B,0)),"") | T9: =IFERROR(INDEX('12_字段字典'!$M:$M,MATCH($B9,'12_字段字典'!$B:$B,0)),"")
A10: A. 基本身份 | B10: plant_name | C10: 制造工厂名称 | D10: plant name | E10: 文本 | F10: 某制造工厂（模板） | G10: 某制造工厂（模板） | H10: 主要制造工厂名称；用于绑定主申报工厂 | I10: 工厂主数据 | J10: EU | K10: =IFERROR(INDEX('12_字段字典'!$D:$D,MATCH($B10,'12_字段字典'!$B:$B,0)),"") | L10: =IFERROR(INDEX('12_字段字典'!$E:$E,MATCH($B10,'12_字段字典'!$B:$B,0)),"") | M10: =IFERROR(INDEX('12_字段字典'!$F:$F,MATCH($B10,'12_字段字典'!$B:$B,0)),"") | N10: =IFERROR(INDEX('12_字段字典'!$G:$G,MATCH($B10,'12_字段字典'!$B:$B,0)),"") | O10: =IFERROR(INDEX('12_字段字典'!$H:$H,MATCH($B10,'12_字段字典'!$B:$B,0)),"") | P10: =IFERROR(INDEX('12_字段字典'!$I:$I,MATCH($B10,'12_字段字典'!$B:$B,0)),"") | Q10: =IFERROR(INDEX('12_字段字典'!$J:$J,MATCH($B10,'12_字段字典'!$B:$B,0)),"") | R10: =IFERROR(INDEX('12_字段字典'!$K:$K,MATCH($B10,'12_字段字典'!$B:$B,0)),"") | S10: =IFERROR(INDEX('12_字段字典'!$L:$L,MATCH($B10,'12_字段字典'!$B:$B,0)),"") | T10: =IFERROR(INDEX('12_字段字典'!$M:$M,MATCH($B10,'12_字段字典'!$B:$B,0)),"")
A11: A. 基本身份 | B11: reporting_period | C11: 产品报告期 | D11: reporting period | E11: 文本 | F11: 2026Q1 | G11: 2026Q1 | H11: 模板示例周期，实际应用时按产品与工厂报告期填写 | I11: 排产记录 | J11: EU+CBAM | K11: =IFERROR(INDEX('12_字段字典'!$D:$D,MATCH($B11,'12_字段字典'!$B:$B,0)),"") | L11: =IFERROR(INDEX('12_字段字典'!$E:$E,MATCH($B11,'12_字段字典'!$B:$B,0)),"") | M11: =IFERROR(INDEX('12_字段字典'!$F:$F,MATCH($B11,'12_字段字典'!$B:$B,0)),"") | N11: =IFERROR(INDEX('12_字段字典'!$G:$G,MATCH($B11,'12_字段字典'!$B:$B,0)),"") | O11: =IFERROR(INDEX('12_字段字典'!$H:$H,MATCH($B11,'12_字段字典'!$B:$B,0)),"") | P11: =IFERROR(INDEX('12_字段字典'!$I:$I,MATCH($B11,'12_字段字典'!$B:$B,0)),"") | Q11: =IFERROR(INDEX('12_字段字典'!$J:$J,MATCH($B11,'12_字段字典'!$B:$B,0)),"") | R11: =IFERROR(INDEX('12_字段字典'!$K:$K,MATCH($B11,'12_字段字典'!$B:$B,0)),"") | S11: =IFERROR(INDEX('12_字段字典'!$L:$L,MATCH($B11,'12_字段字典'!$B:$B,0)),"") | T11: =IFERROR(INDEX('12_字段字典'!$M:$M,MATCH($B11,'12_字段字典'!$B:$B,0)),"")
A12: A. 基本身份 | B12: regulatory_battery_class | C12: 监管适用类别 | D12: regulatory battery class | E12: 文本 | F12: EV battery / rechargeable industrial battery | G12: EV battery / rechargeable industrial battery | H12: 区分业务产品类别与欧盟监管适用类别，避免两者混在一起 | I12: 法规适用性说明/认证范围 | J12: EU | K12: =IFERROR(INDEX('12_字段字典'!$D:$D,MATCH($B12,'12_字段字典'!$B:$B,0)),"") | L12: =IFERROR(INDEX('12_字段字典'!$E:$E,MATCH($B12,'12_字段字典'!$B:$B,0)),"") | M12: =IFERROR(INDEX('12_字段字典'!$F:$F,MATCH($B12,'12_字段字典'!$B:$B,0)),"") | N12: =IFERROR(INDEX('12_字段字典'!$G:$G,MATCH($B12,'12_字段字典'!$B:$B,0)),"") | O12: =IFERROR(INDEX('12_字段字典'!$H:$H,MATCH($B12,'12_字段字典'!$B:$B,0)),"") | P12: =IFERROR(INDEX('12_字段字典'!$I:$I,MATCH($B12,'12_字段字典'!$B:$B,0)),"") | Q12: =IFERROR(INDEX('12_字段字典'!$J:$J,MATCH($B12,'12_字段字典'!$B:$B,0)),"") | R12: =IFERROR(INDEX('12_字段字典'!$K:$K,MATCH($B12,'12_字段字典'!$B:$B,0)),"") | S12: =IFERROR(INDEX('12_字段字典'!$L:$L,MATCH($B12,'12_字段字典'!$B:$B,0)),"") | T12: =IFERROR(INDEX('12_字段字典'!$M:$M,MATCH($B12,'12_字段字典'!$B:$B,0)),"")
A13: A. 基本身份 | B13: declared_boundary_note | C13: 申报边界说明 | D13: declared boundary note | E13: 文本 | F13: includes cell + module + pack housing + BMS + cooling within declared unit | G13: includes cell + module + pack housing + BMS + cooling within declared unit | H13: 明确申报单元到底包含哪些部件，是通用模板非常关键的边界字段 | I13: 方法学说明/BOM 边界定义 | J13: EU+CBAM | K13: =IFERROR(INDEX('12_字段字典'!$D:$D,MATCH($B13,'12_字段字典'!$B:$B,0)),"") | L13: =IFERROR(INDEX('12_字段字典'!$E:$E,MATCH($B13,'12_字段字典'!$B:$B,0)),"") | M13: =IFERROR(INDEX('12_字段字典'!$F:$F,MATCH($B13,'12_字段字典'!$B:$B,0)),"") | N13: =IFERROR(INDEX('12_字段字典'!$G:$G,MATCH($B13,'12_字段字典'!$B:$B,0)),"") | O13: =IFERROR(INDEX('12_字段字典'!$H:$H,MATCH($B13,'12_字段字典'!$B:$B,0)),"") | P13: =IFERROR(INDEX('12_字段字典'!$I:$I,MATCH($B13,'12_字段字典'!$B:$B,0)),"") | Q13: =IFERROR(INDEX('12_字段字典'!$J:$J,MATCH($B13,'12_字段字典'!$B:$B,0)),"") | R13: =IFERROR(INDEX('12_字段字典'!$K:$K,MATCH($B13,'12_字段字典'!$B:$B,0)),"") | S13: =IFERROR(INDEX('12_字段字典'!$L:$L,MATCH($B13,'12_字段字典'!$B:$B,0)),"") | T13: =IFERROR(INDEX('12_字段字典'!$M:$M,MATCH($B13,'12_字段字典'!$B:$B,0)),"")
A14: A. 基本身份 | B14: cell_count_per_unit | C14: 申报单元电芯数量 | D14: cell count per declared unit | E14: pcs/unit | F14: 120 | G14: 120 | H14: 支持从 cell 到 module、pack、system 的结构展开 | I14: BOM/结构清单 | J14: EU+CBAM | K14: =IFERROR(INDEX('12_字段字典'!$D:$D,MATCH($B14,'12_字段字典'!$B:$B,0)),"") | L14: =IFERROR(INDEX('12_字段字典'!$E:$E,MATCH($B14,'12_字段字典'!$B:$B,0)),"") | M14: =IFERROR(INDEX('12_字段字典'!$F:$F,MATCH($B14,'12_字段字典'!$B:$B,0)),"") | N14: =IFERROR(INDEX('12_字段字典'!$G:$G,MATCH($B14,'12_字段字典'!$B:$B,0)),"") | O14: =IFERROR(INDEX('12_字段字典'!$H:$H,MATCH($B14,'12_字段字典'!$B:$B,0)),"") | P14: =IFERROR(INDEX('12_字段字典'!$I:$I,MATCH($B14,'12_字段字典'!$B:$B,0)),"") | Q14: =IFERROR(INDEX('12_字段字典'!$J:$J,MATCH($B14,'12_字段字典'!$B:$B,0)),"") | R14: =IFERROR(INDEX('12_字段字典'!$K:$K,MATCH($B14,'12_字段字典'!$B:$B,0)),"") | S14: =IFERROR(INDEX('12_字段字典'!$L:$L,MATCH($B14,'12_字段字典'!$B:$B,0)),"") | T14: =IFERROR(INDEX('12_字段字典'!$M:$M,MATCH($B14,'12_字段字典'!$B:$B,0)),"")
A15: A. 基本身份 | B15: module_count_per_unit | C15: 申报单元模组数量 | D15: module count per declared unit | E15: pcs/unit | F15: 12 | G15: 12 | H15: 当申报对象是 pack 或 system 时，这个接口能避免模板只会按单层结构理解 | I15: BOM/结构清单 | J15: EU+CBAM | K15: =IFERROR(INDEX('12_字段字典'!$D:$D,MATCH($B15,'12_字段字典'!$B:$B,0)),"") | L15: =IFERROR(INDEX('12_字段字典'!$E:$E,MATCH($B15,'12_字段字典'!$B:$B,0)),"") | M15: =IFERROR(INDEX('12_字段字典'!$F:$F,MATCH($B15,'12_字段字典'!$B:$B,0)),"") | N15: =IFERROR(INDEX('12_字段字典'!$G:$G,MATCH($B15,'12_字段字典'!$B:$B,0)),"") | O15: =IFERROR(INDEX('12_字段字典'!$H:$H,MATCH($B15,'12_字段字典'!$B:$B,0)),"") | P15: =IFERROR(INDEX('12_字段字典'!$I:$I,MATCH($B15,'12_字段字典'!$B:$B,0)),"") | Q15: =IFERROR(INDEX('12_字段字典'!$J:$J,MATCH($B15,'12_字段字典'!$B:$B,0)),"") | R15: =IFERROR(INDEX('12_字段字典'!$K:$K,MATCH($B15,'12_字段字典'!$B:$B,0)),"") | S15: =IFERROR(INDEX('12_字段字典'!$L:$L,MATCH($B15,'12_字段字典'!$B:$B,0)),"") | T15: =IFERROR(INDEX('12_字段字典'!$M:$M,MATCH($B15,'12_字段字典'!$B:$B,0)),"")
A16: A. 基本身份 | B16: assembly_site_code | C16: 总成装配地点代码 | D16: assembly site code | E16: 文本 | F16: ASSEMBLY-TEMPLATE-001 | G16: ASSEMBLY-TEMPLATE-001 | H16: 支持电芯制造工厂与总成装配地点不一致的通用产品场景 | I16: 工厂主数据/制造路线 | J16: EU+CBAM | K16: =IFERROR(INDEX('12_字段字典'!$D:$D,MATCH($B16,'12_字段字典'!$B:$B,0)),"") | L16: =IFERROR(INDEX('12_字段字典'!$E:$E,MATCH($B16,'12_字段字典'!$B:$B,0)),"") | M16: =IFERROR(INDEX('12_字段字典'!$F:$F,MATCH($B16,'12_字段字典'!$B:$B,0)),"") | N16: =IFERROR(INDEX('12_字段字典'!$G:$G,MATCH($B16,'12_字段字典'!$B:$B,0)),"") | O16: =IFERROR(INDEX('12_字段字典'!$H:$H,MATCH($B16,'12_字段字典'!$B:$B,0)),"") | P16: =IFERROR(INDEX('12_字段字典'!$I:$I,MATCH($B16,'12_字段字典'!$B:$B,0)),"") | Q16: =IFERROR(INDEX('12_字段字典'!$J:$J,MATCH($B16,'12_字段字典'!$B:$B,0)),"") | R16: =IFERROR(INDEX('12_字段字典'!$K:$K,MATCH($B16,'12_字段字典'!$B:$B,0)),"") | S16: =IFERROR(INDEX('12_字段字典'!$L:$L,MATCH($B16,'12_字段字典'!$B:$B,0)),"") | T16: =IFERROR(INDEX('12_字段字典'!$M:$M,MATCH($B16,'12_字段字典'!$B:$B,0)),"")
A17: A. 基本身份 | B17: assembly_site_name | C17: 总成装配地点名称 | D17: assembly site name | E17: 文本 | F17: 某总成装配地点（模板） | G17: 某总成装配地点（模板） | H17: 若产品是系统级或 pack 级，这个字段可以承接最终装配环节 | I17: 工厂主数据/制造路线 | J17: EU+CBAM | K17: =IFERROR(INDEX('12_字段字典'!$D:$D,MATCH($B17,'12_字段字典'!$B:$B,0)),"") | L17: =IFERROR(INDEX('12_字段字典'!$E:$E,MATCH($B17,'12_字段字典'!$B:$B,0)),"") | M17: =IFERROR(INDEX('12_字段字典'!$F:$F,MATCH($B17,'12_字段字典'!$B:$B,0)),"") | N17: =IFERROR(INDEX('12_字段字典'!$G:$G,MATCH($B17,'12_字段字典'!$B:$B,0)),"") | O17: =IFERROR(INDEX('12_字段字典'!$H:$H,MATCH($B17,'12_字段字典'!$B:$B,0)),"") | P17: =IFERROR(INDEX('12_字段字典'!$I:$I,MATCH($B17,'12_字段字典'!$B:$B,0)),"") | Q17: =IFERROR(INDEX('12_字段字典'!$J:$J,MATCH($B17,'12_字段字典'!$B:$B,0)),"") | R17: =IFERROR(INDEX('12_字段字典'!$K:$K,MATCH($B17,'12_字段字典'!$B:$B,0)),"") | S17: =IFERROR(INDEX('12_字段字典'!$L:$L,MATCH($B17,'12_字段字典'!$B:$B,0)),"") | T17: =IFERROR(INDEX('12_字段字典'!$M:$M,MATCH($B17,'12_字段字典'!$B:$B,0)),"")
A18: A. 基本身份 | B18: assembly_site_country | C18: 总成装配地点国家/地区 | D18: assembly site country or region | E18: 文本 | F18: China | G18: China | H18: 便于后续扩展欧洲本地装配或多地装配的场景 | I18: 工厂主数据/制造路线 | J18: EU+CBAM | K18: =IFERROR(INDEX('12_字段字典'!$D:$D,MATCH($B18,'12_字段字典'!$B:$B,0)),"") | L18: =IFERROR(INDEX('12_字段字典'!$E:$E,MATCH($B18,'12_字段字典'!$B:$B,0)),"") | M18: =IFERROR(INDEX('12_字段字典'!$F:$F,MATCH($B18,'12_字段字典'!$B:$B,0)),"") | N18: =IFERROR(INDEX('12_字段字典'!$G:$G,MATCH($B18,'12_字段字典'!$B:$B,0)),"") | O18: =IFERROR(INDEX('12_字段字典'!$H:$H,MATCH($B18,'12_字段字典'!$B:$B,0)),"") | P18: =IFERROR(INDEX('12_字段字典'!$I:$I,MATCH($B18,'12_字段字典'!$B:$B,0)),"") | Q18: =IFERROR(INDEX('12_字段字典'!$J:$J,MATCH($B18,'12_字段字典'!$B:$B,0)),"") | R18: =IFERROR(INDEX('12_字段字典'!$K:$K,MATCH($B18,'12_字段字典'!$B:$B,0)),"") | S18: =IFERROR(INDEX('12_字段字典'!$L:$L,MATCH($B18,'12_字段字典'!$B:$B,0)),"") | T18: =IFERROR(INDEX('12_字段字典'!$M:$M,MATCH($B18,'12_字段字典'!$B:$B,0)),"")
A19: A. 基本身份 | B19: product_series | C19: 产品系列/平台 | D19: product series / platform | E19: 文本 | F19: CATL 通用产品系列（Template） | G19: CATL 通用产品系列（Template） | H19: 用于兼容不同产品线，例如神行、麒麟、储能系统等 | I19: 产品主数据 | J19: EU+CBAM | K19: =IFERROR(INDEX('12_字段字典'!$D:$D,MATCH($B19,'12_字段字典'!$B:$B,0)),"") | L19: =IFERROR(INDEX('12_字段字典'!$E:$E,MATCH($B19,'12_字段字典'!$B:$B,0)),"") | M19: =IFERROR(INDEX('12_字段字典'!$F:$F,MATCH($B19,'12_字段字典'!$B:$B,0)),"") | N19: =IFERROR(INDEX('12_字段字典'!$G:$G,MATCH($B19,'12_字段字典'!$B:$B,0)),"") | O19: =IFERROR(INDEX('12_字段字典'!$H:$H,MATCH($B19,'12_字段字典'!$B:$B,0)),"") | P19: =IFERROR(INDEX('12_字段字典'!$I:$I,MATCH($B19,'12_字段字典'!$B:$B,0)),"") | Q19: =IFERROR(INDEX('12_字段字典'!$J:$J,MATCH($B19,'12_字段字典'!$B:$B,0)),"") | R19: =IFERROR(INDEX('12_字段字典'!$K:$K,MATCH($B19,'12_字段字典'!$B:$B,0)),"") | S19: =IFERROR(INDEX('12_字段字典'!$L:$L,MATCH($B19,'12_字段字典'!$B:$B,0)),"") | T19: =IFERROR(INDEX('12_字段字典'!$M:$M,MATCH($B19,'12_字段字典'!$B:$B,0)),"")
A20: A. 基本身份 | B20: application_scenario | C20: 应用场景 | D20: application scenario | E20: 文本 | F20: EV / ESS / special application | G20: EV / ESS / special application | H20: 用于区分动力、储能或其他产品场景 | I20: 产品主数据/规格书 | J20: EU+CBAM | K20: =IFERROR(INDEX('12_字段字典'!$D:$D,MATCH($B20,'12_字段字典'!$B:$B,0)),"") | L20: =IFERROR(INDEX('12_字段字典'!$E:$E,MATCH($B20,'12_字段字典'!$B:$B,0)),"") | M20: =IFERROR(INDEX('12_字段字典'!$F:$F,MATCH($B20,'12_字段字典'!$B:$B,0)),"") | N20: =IFERROR(INDEX('12_字段字典'!$G:$G,MATCH($B20,'12_字段字典'!$B:$B,0)),"") | O20: =IFERROR(INDEX('12_字段字典'!$H:$H,MATCH($B20,'12_字段字典'!$B:$B,0)),"") | P20: =IFERROR(INDEX('12_字段字典'!$I:$I,MATCH($B20,'12_字段字典'!$B:$B,0)),"") | Q20: =IFERROR(INDEX('12_字段字典'!$J:$J,MATCH($B20,'12_字段字典'!$B:$B,0)),"") | R20: =IFERROR(INDEX('12_字段字典'!$K:$K,MATCH($B20,'12_字段字典'!$B:$B,0)),"") | S20: =IFERROR(INDEX('12_字段字典'!$L:$L,MATCH($B20,'12_字段字典'!$B:$B,0)),"") | T20: =IFERROR(INDEX('12_字段字典'!$M:$M,MATCH($B20,'12_字段字典'!$B:$B,0)),"")
A21: A. 基本身份 | B21: product_level | C21: 申报对象层级 | D21: declared product level | E21: 文本 | F21: cell / module / pack / system | G21: cell / module / pack / system | H21: 通用模板必须允许不同申报对象层级 | I21: 产品主数据/护照规则 | J21: EU+CBAM | K21: =IFERROR(INDEX('12_字段字典'!$D:$D,MATCH($B21,'12_字段字典'!$B:$B,0)),"") | L21: =IFERROR(INDEX('12_字段字典'!$E:$E,MATCH($B21,'12_字段字典'!$B:$B,0)),"") | M21: =IFERROR(INDEX('12_字段字典'!$F:$F,MATCH($B21,'12_字段字典'!$B:$B,0)),"") | N21: =IFERROR(INDEX('12_字段字典'!$G:$G,MATCH($B21,'12_字段字典'!$B:$B,0)),"") | O21: =IFERROR(INDEX('12_字段字典'!$H:$H,MATCH($B21,'12_字段字典'!$B:$B,0)),"") | P21: =IFERROR(INDEX('12_字段字典'!$I:$I,MATCH($B21,'12_字段字典'!$B:$B,0)),"") | Q21: =IFERROR(INDEX('12_字段字典'!$J:$J,MATCH($B21,'12_字段字典'!$B:$B,0)),"") | R21: =IFERROR(INDEX('12_字段字典'!$K:$K,MATCH($B21,'12_字段字典'!$B:$B,0)),"") | S21: =IFERROR(INDEX('12_字段字典'!$L:$L,MATCH($B21,'12_字段字典'!$B:$B,0)),"") | T21: =IFERROR(INDEX('12_字段字典'!$M:$M,MATCH($B21,'12_字段字典'!$B:$B,0)),"")
A22: A. 基本身份 | B22: declared_unit | C22: 申报单位 | D22: declared unit | E22: 文本 | F22: 1 battery pack / 1 system | G22: 1 battery pack / 1 system | H22: 便于未来不同产品或系统级申报 | I22: 方法学说明 | J22: EU+CBAM | K22: =IFERROR(INDEX('12_字段字典'!$D:$D,MATCH($B22,'12_字段字典'!$B:$B,0)),"") | L22: =IFERROR(INDEX('12_字段字典'!$E:$E,MATCH($B22,'12_字段字典'!$B:$B,0)),"") | M22: =IFERROR(INDEX('12_字段字典'!$F:$F,MATCH($B22,'12_字段字典'!$B:$B,0)),"") | N22: =IFERROR(INDEX('12_字段字典'!$G:$G,MATCH($B22,'12_字段字典'!$B:$B,0)),"") | O22: =IFERROR(INDEX('12_字段字典'!$H:$H,MATCH($B22,'12_字段字典'!$B:$B,0)),"") | P22: =IFERROR(INDEX('12_字段字典'!$I:$I,MATCH($B22,'12_字段字典'!$B:$B,0)),"") | Q22: =IFERROR(INDEX('12_字段字典'!$J:$J,MATCH($B22,'12_字段字典'!$B:$B,0)),"") | R22: =IFERROR(INDEX('12_字段字典'!$K:$K,MATCH($B22,'12_字段字典'!$B:$B,0)),"") | S22: =IFERROR(INDEX('12_字段字典'!$L:$L,MATCH($B22,'12_字段字典'!$B:$B,0)),"") | T22: =IFERROR(INDEX('12_字段字典'!$M:$M,MATCH($B22,'12_字段字典'!$B:$B,0)),"")
A23: A. 基本身份 | B23: destination_market | C23: 目标市场 | D23: destination market | E23: 文本 | F23: EU | G23: EU | H23: 同一模板可扩展到不同市场版本 | I23: 项目主数据 | J23: EU+CBAM | K23: =IFERROR(INDEX('12_字段字典'!$D:$D,MATCH($B23,'12_字段字典'!$B:$B,0)),"") | L23: =IFERROR(INDEX('12_字段字典'!$E:$E,MATCH($B23,'12_字段字典'!$B:$B,0)),"") | M23: =IFERROR(INDEX('12_字段字典'!$F:$F,MATCH($B23,'12_字段字典'!$B:$B,0)),"") | N23: =IFERROR(INDEX('12_字段字典'!$G:$G,MATCH($B23,'12_字段字典'!$B:$B,0)),"") | O23: =IFERROR(INDEX('12_字段字典'!$H:$H,MATCH($B23,'12_字段字典'!$B:$B,0)),"") | P23: =IFERROR(INDEX('12_字段字典'!$I:$I,MATCH($B23,'12_字段字典'!$B:$B,0)),"") | Q23: =IFERROR(INDEX('12_字段字典'!$J:$J,MATCH($B23,'12_字段字典'!$B:$B,0)),"") | R23: =IFERROR(INDEX('12_字段字典'!$K:$K,MATCH($B23,'12_字段字典'!$B:$B,0)),"") | S23: =IFERROR(INDEX('12_字段字典'!$L:$L,MATCH($B23,'12_字段字典'!$B:$B,0)),"") | T23: =IFERROR(INDEX('12_字段字典'!$M:$M,MATCH($B23,'12_字段字典'!$B:$B,0)),"")
A24: A. 基本身份 | B24: plant_country | C24: 制造工厂所在国家 | D24: plant country | E24: 文本 | F24: China | G24: China | H24: 为未来跨境工厂和欧洲本地工厂预留接口 | I24: 工厂主数据 | J24: EU+CBAM | K24: =IFERROR(INDEX('12_字段字典'!$D:$D,MATCH($B24,'12_字段字典'!$B:$B,0)),"") | L24: =IFERROR(INDEX('12_字段字典'!$E:$E,MATCH($B24,'12_字段字典'!$B:$B,0)),"") | M24: =IFERROR(INDEX('12_字段字典'!$F:$F,MATCH($B24,'12_字段字典'!$B:$B,0)),"") | N24: =IFERROR(INDEX('12_字段字典'!$G:$G,MATCH($B24,'12_字段字典'!$B:$B,0)),"") | O24: =IFERROR(INDEX('12_字段字典'!$H:$H,MATCH($B24,'12_字段字典'!$B:$B,0)),"") | P24: =IFERROR(INDEX('12_字段字典'!$I:$I,MATCH($B24,'12_字段字典'!$B:$B,0)),"") | Q24: =IFERROR(INDEX('12_字段字典'!$J:$J,MATCH($B24,'12_字段字典'!$B:$B,0)),"") | R24: =IFERROR(INDEX('12_字段字典'!$K:$K,MATCH($B24,'12_字段字典'!$B:$B,0)),"") | S24: =IFERROR(INDEX('12_字段字典'!$L:$L,MATCH($B24,'12_字段字典'!$B:$B,0)),"") | T24: =IFERROR(INDEX('12_字段字典'!$M:$M,MATCH($B24,'12_字段字典'!$B:$B,0)),"")
A25: A. 基本身份 | B25: cell_form_factor | C25: 电芯形态 | D25: cell form factor | E25: 文本 | F25: prismatic / cylindrical / pouch | G25: prismatic / cylindrical / pouch | H25: 为不同产品平台预留结构差异接口 | I25: 规格书/产品主数据 | J25: EU | K25: =IFERROR(INDEX('12_字段字典'!$D:$D,MATCH($B25,'12_字段字典'!$B:$B,0)),"") | L25: =IFERROR(INDEX('12_字段字典'!$E:$E,MATCH($B25,'12_字段字典'!$B:$B,0)),"") | M25: =IFERROR(INDEX('12_字段字典'!$F:$F,MATCH($B25,'12_字段字典'!$B:$B,0)),"") | N25: =IFERROR(INDEX('12_字段字典'!$G:$G,MATCH($B25,'12_字段字典'!$B:$B,0)),"") | O25: =IFERROR(INDEX('12_字段字典'!$H:$H,MATCH($B25,'12_字段字典'!$B:$B,0)),"") | P25: =IFERROR(INDEX('12_字段字典'!$I:$I,MATCH($B25,'12_字段字典'!$B:$B,0)),"") | Q25: =IFERROR(INDEX('12_字段字典'!$J:$J,MATCH($B25,'12_字段字典'!$B:$B,0)),"") | R25: =IFERROR(INDEX('12_字段字典'!$K:$K,MATCH($B25,'12_字段字典'!$B:$B,0)),"") | S25: =IFERROR(INDEX('12_字段字典'!$L:$L,MATCH($B25,'12_字段字典'!$B:$B,0)),"") | T25: =IFERROR(INDEX('12_字段字典'!$M:$M,MATCH($B25,'12_字段字典'!$B:$B,0)),"")
A26: A. 基本身份 | B26: architecture_type | C26: 系统架构类型 | D26: architecture type | E26: 文本 | F26: CTP / module-pack / containerized ESS | G26: CTP / module-pack / containerized ESS | H26: 避免模板只绑定到神行 CTP 场景 | I26: 技术文档/产品主数据 | J26: EU+CBAM | K26: =IFERROR(INDEX('12_字段字典'!$D:$D,MATCH($B26,'12_字段字典'!$B:$B,0)),"") | L26: =IFERROR(INDEX('12_字段字典'!$E:$E,MATCH($B26,'12_字段字典'!$B:$B,0)),"") | M26: =IFERROR(INDEX('12_字段字典'!$F:$F,MATCH($B26,'12_字段字典'!$B:$B,0)),"") | N26: =IFERROR(INDEX('12_字段字典'!$G:$G,MATCH($B26,'12_字段字典'!$B:$B,0)),"") | O26: =IFERROR(INDEX('12_字段字典'!$H:$H,MATCH($B26,'12_字段字典'!$B:$B,0)),"") | P26: =IFERROR(INDEX('12_字段字典'!$I:$I,MATCH($B26,'12_字段字典'!$B:$B,0)),"") | Q26: =IFERROR(INDEX('12_字段字典'!$J:$J,MATCH($B26,'12_字段字典'!$B:$B,0)),"") | R26: =IFERROR(INDEX('12_字段字典'!$K:$K,MATCH($B26,'12_字段字典'!$B:$B,0)),"") | S26: =IFERROR(INDEX('12_字段字典'!$L:$L,MATCH($B26,'12_字段字典'!$B:$B,0)),"") | T26: =IFERROR(INDEX('12_字段字典'!$M:$M,MATCH($B26,'12_字段字典'!$B:$B,0)),"")
A27: A. 基本身份 | B27: total_product_mass_kg | C27: 产品总质量 | D27: total product mass | E27: kg/unit | F27: 520 | G27: 520 | H27: 为不同产品级别和系统级方案预留总质量接口 | I27: 规格书/BOM | J27: EU+CBAM | K27: =IFERROR(INDEX('12_字段字典'!$D:$D,MATCH($B27,'12_字段字典'!$B:$B,0)),"") | L27: =IFERROR(INDEX('12_字段字典'!$E:$E,MATCH($B27,'12_字段字典'!$B:$B,0)),"") | M27: =IFERROR(INDEX('12_字段字典'!$F:$F,MATCH($B27,'12_字段字典'!$B:$B,0)),"") | N27: =IFERROR(INDEX('12_字段字典'!$G:$G,MATCH($B27,'12_字段字典'!$B:$B,0)),"") | O27: =IFERROR(INDEX('12_字段字典'!$H:$H,MATCH($B27,'12_字段字典'!$B:$B,0)),"") | P27: =IFERROR(INDEX('12_字段字典'!$I:$I,MATCH($B27,'12_字段字典'!$B:$B,0)),"") | Q27: =IFERROR(INDEX('12_字段字典'!$J:$J,MATCH($B27,'12_字段字典'!$B:$B,0)),"") | R27: =IFERROR(INDEX('12_字段字典'!$K:$K,MATCH($B27,'12_字段字典'!$B:$B,0)),"") | S27: =IFERROR(INDEX('12_字段字典'!$L:$L,MATCH($B27,'12_字段字典'!$B:$B,0)),"") | T27: =IFERROR(INDEX('12_字段字典'!$M:$M,MATCH($B27,'12_字段字典'!$B:$B,0)),"")
A28: A. 基本身份 | B28: pcf_method_version | C28: 碳足迹方法版本 | D28: PCF methodology version | E28: 文本 | F28: EU Battery CF Method / internal template v1 | G28: EU Battery CF Method / internal template v1 | H28: 记录当前产品采用哪一版方法学 | I28: 方法学说明/计算底稿 | J28: EU+CBAM | K28: =IFERROR(INDEX('12_字段字典'!$D:$D,MATCH($B28,'12_字段字典'!$B:$B,0)),"") | L28: =IFERROR(INDEX('12_字段字典'!$E:$E,MATCH($B28,'12_字段字典'!$B:$B,0)),"") | M28: =IFERROR(INDEX('12_字段字典'!$F:$F,MATCH($B28,'12_字段字典'!$B:$B,0)),"") | N28: =IFERROR(INDEX('12_字段字典'!$G:$G,MATCH($B28,'12_字段字典'!$B:$B,0)),"") | O28: =IFERROR(INDEX('12_字段字典'!$H:$H,MATCH($B28,'12_字段字典'!$B:$B,0)),"") | P28: =IFERROR(INDEX('12_字段字典'!$I:$I,MATCH($B28,'12_字段字典'!$B:$B,0)),"") | Q28: =IFERROR(INDEX('12_字段字典'!$J:$J,MATCH($B28,'12_字段字典'!$B:$B,0)),"") | R28: =IFERROR(INDEX('12_字段字典'!$K:$K,MATCH($B28,'12_字段字典'!$B:$B,0)),"") | S28: =IFERROR(INDEX('12_字段字典'!$L:$L,MATCH($B28,'12_字段字典'!$B:$B,0)),"") | T28: =IFERROR(INDEX('12_字段字典'!$M:$M,MATCH($B28,'12_字段字典'!$B:$B,0)),"")
A29: A. 基本身份 | B29: factor_library_version | C29: 因子库版本 | D29: factor library version | E29: 文本 | F29: Factor Library v1.0 | G29: Factor Library v1.0 | H29: 为中欧因子口径转换和版本管理预留接口 | I29: 因子库/方法说明 | J29: EU+CBAM | K29: =IFERROR(INDEX('12_字段字典'!$D:$D,MATCH($B29,'12_字段字典'!$B:$B,0)),"") | L29: =IFERROR(INDEX('12_字段字典'!$E:$E,MATCH($B29,'12_字段字典'!$B:$B,0)),"") | M29: =IFERROR(INDEX('12_字段字典'!$F:$F,MATCH($B29,'12_字段字典'!$B:$B,0)),"") | N29: =IFERROR(INDEX('12_字段字典'!$G:$G,MATCH($B29,'12_字段字典'!$B:$B,0)),"") | O29: =IFERROR(INDEX('12_字段字典'!$H:$H,MATCH($B29,'12_字段字典'!$B:$B,0)),"") | P29: =IFERROR(INDEX('12_字段字典'!$I:$I,MATCH($B29,'12_字段字典'!$B:$B,0)),"") | Q29: =IFERROR(INDEX('12_字段字典'!$J:$J,MATCH($B29,'12_字段字典'!$B:$B,0)),"") | R29: =IFERROR(INDEX('12_字段字典'!$K:$K,MATCH($B29,'12_字段字典'!$B:$B,0)),"") | S29: =IFERROR(INDEX('12_字段字典'!$L:$L,MATCH($B29,'12_字段字典'!$B:$B,0)),"") | T29: =IFERROR(INDEX('12_字段字典'!$M:$M,MATCH($B29,'12_字段字典'!$B:$B,0)),"")
A30: A. 基本身份 | B30: verification_report_id | C30: 核验报告编号 | D30: verification report ID | E30: 文本 | F30: VERIFY-TEMPLATE-001 | G30: VERIFY-TEMPLATE-001 | H30: 便于后续把第三方核验真正挂接到字段层 | I30: 核验声明/第三方报告 | J30: EU+CBAM | K30: =IFERROR(INDEX('12_字段字典'!$D:$D,MATCH($B30,'12_字段字典'!$B:$B,0)),"") | L30: =IFERROR(INDEX('12_字段字典'!$E:$E,MATCH($B30,'12_字段字典'!$B:$B,0)),"") | M30: =IFERROR(INDEX('12_字段字典'!$F:$F,MATCH($B30,'12_字段字典'!$B:$B,0)),"") | N30: =IFERROR(INDEX('12_字段字典'!$G:$G,MATCH($B30,'12_字段字典'!$B:$B,0)),"") | O30: =IFERROR(INDEX('12_字段字典'!$H:$H,MATCH($B30,'12_字段字典'!$B:$B,0)),"") | P30: =IFERROR(INDEX('12_字段字典'!$I:$I,MATCH($B30,'12_字段字典'!$B:$B,0)),"") | Q30: =IFERROR(INDEX('12_字段字典'!$J:$J,MATCH($B30,'12_字段字典'!$B:$B,0)),"") | R30: =IFERROR(INDEX('12_字段字典'!$K:$K,MATCH($B30,'12_字段字典'!$B:$B,0)),"") | S30: =IFERROR(INDEX('12_字段字典'!$L:$L,MATCH($B30,'12_字段字典'!$B:$B,0)),"") | T30: =IFERROR(INDEX('12_字段字典'!$M:$M,MATCH($B30,'12_字段字典'!$B:$B,0)),"")
A31: A. 基本身份 | B31: pack_capacity_kwh | C31: 申报单元额定容量 | D31: declared unit capacity | E31: kWh/declared unit | F31: 60 | G31: 60 | H31: 无论当前申报对象是 cell、module、pack 还是 system，都按当前申报单元填写容量 | I31: 规格书/测试报告 | J31: EU | K31: =IFERROR(INDEX('12_字段字典'!$D:$D,MATCH($B31,'12_字段字典'!$B:$B,0)),"") | L31: =IFERROR(INDEX('12_字段字典'!$E:$E,MATCH($B31,'12_字段字典'!$B:$B,0)),"") | M31: =IFERROR(INDEX('12_字段字典'!$F:$F,MATCH($B31,'12_字段字典'!$B:$B,0)),"") | N31: =IFERROR(INDEX('12_字段字典'!$G:$G,MATCH($B31,'12_字段字典'!$B:$B,0)),"") | O31: =IFERROR(INDEX('12_字段字典'!$H:$H,MATCH($B31,'12_字段字典'!$B:$B,0)),"") | P31: =IFERROR(INDEX('12_字段字典'!$I:$I,MATCH($B31,'12_字段字典'!$B:$B,0)),"") | Q31: =IFERROR(INDEX('12_字段字典'!$J:$J,MATCH($B31,'12_字段字典'!$B:$B,0)),"") | R31: =IFERROR(INDEX('12_字段字典'!$K:$K,MATCH($B31,'12_字段字典'!$B:$B,0)),"") | S31: =IFERROR(INDEX('12_字段字典'!$L:$L,MATCH($B31,'12_字段字典'!$B:$B,0)),"") | T31: =IFERROR(INDEX('12_字段字典'!$M:$M,MATCH($B31,'12_字段字典'!$B:$B,0)),"")
A32: A. 基本身份 | B32: nominal_voltage_v | C32: 标称电压 | D32: nominal voltage | E32: V | F32: 400 | G32: 400 | H32: 产品公开参数 | I32: 规格书/测试报告 | J32: EU | K32: =IFERROR(INDEX('12_字段字典'!$D:$D,MATCH($B32,'12_字段字典'!$B:$B,0)),"") | L32: =IFERROR(INDEX('12_字段字典'!$E:$E,MATCH($B32,'12_字段字典'!$B:$B,0)),"") | M32: =IFERROR(INDEX('12_字段字典'!$F:$F,MATCH($B32,'12_字段字典'!$B:$B,0)),"") | N32: =IFERROR(INDEX('12_字段字典'!$G:$G,MATCH($B32,'12_字段字典'!$B:$B,0)),"") | O32: =IFERROR(INDEX('12_字段字典'!$H:$H,MATCH($B32,'12_字段字典'!$B:$B,0)),"") | P32: =IFERROR(INDEX('12_字段字典'!$I:$I,MATCH($B32,'12_字段字典'!$B:$B,0)),"") | Q32: =IFERROR(INDEX('12_字段字典'!$J:$J,MATCH($B32,'12_字段字典'!$B:$B,0)),"") | R32: =IFERROR(INDEX('12_字段字典'!$K:$K,MATCH($B32,'12_字段字典'!$B:$B,0)),"") | S32: =IFERROR(INDEX('12_字段字典'!$L:$L,MATCH($B32,'12_字段字典'!$B:$B,0)),"") | T32: =IFERROR(INDEX('12_字段字典'!$M:$M,MATCH($B32,'12_字段字典'!$B:$B,0)),"")
A33: A. 基本身份 | B33: cycle_life_cycles | C33: 循环寿命 | D33: cycle life | E33: cycles | F33: 3000 | G33: 3000 | H33: 护照参数层 | I33: 测试报告 | J33: EU | K33: =IFERROR(INDEX('12_字段字典'!$D:$D,MATCH($B33,'12_字段字典'!$B:$B,0)),"") | L33: =IFERROR(INDEX('12_字段字典'!$E:$E,MATCH($B33,'12_字段字典'!$B:$B,0)),"") | M33: =IFERROR(INDEX('12_字段字典'!$F:$F,MATCH($B33,'12_字段字典'!$B:$B,0)),"") | N33: =IFERROR(INDEX('12_字段字典'!$G:$G,MATCH($B33,'12_字段字典'!$B:$B,0)),"") | O33: =IFERROR(INDEX('12_字段字典'!$H:$H,MATCH($B33,'12_字段字典'!$B:$B,0)),"") | P33: =IFERROR(INDEX('12_字段字典'!$I:$I,MATCH($B33,'12_字段字典'!$B:$B,0)),"") | Q33: =IFERROR(INDEX('12_字段字典'!$J:$J,MATCH($B33,'12_字段字典'!$B:$B,0)),"") | R33: =IFERROR(INDEX('12_字段字典'!$K:$K,MATCH($B33,'12_字段字典'!$B:$B,0)),"") | S33: =IFERROR(INDEX('12_字段字典'!$L:$L,MATCH($B33,'12_字段字典'!$B:$B,0)),"") | T33: =IFERROR(INDEX('12_字段字典'!$M:$M,MATCH($B33,'12_字段字典'!$B:$B,0)),"")
A34: A. 基本身份 | B34: individual_battery_prefix | C34: 个体电池编码前缀 | D34: battery prefix | E34: 文本 | F34: GEN26Q1 | G34: GEN26Q1 | H34: 模板前缀，后续可扩展为任意序列化规则 | I34: 序列化规则 | J34: EU | K34: =IFERROR(INDEX('12_字段字典'!$D:$D,MATCH($B34,'12_字段字典'!$B:$B,0)),"") | L34: =IFERROR(INDEX('12_字段字典'!$E:$E,MATCH($B34,'12_字段字典'!$B:$B,0)),"") | M34: =IFERROR(INDEX('12_字段字典'!$F:$F,MATCH($B34,'12_字段字典'!$B:$B,0)),"") | N34: =IFERROR(INDEX('12_字段字典'!$G:$G,MATCH($B34,'12_字段字典'!$B:$B,0)),"") | O34: =IFERROR(INDEX('12_字段字典'!$H:$H,MATCH($B34,'12_字段字典'!$B:$B,0)),"") | P34: =IFERROR(INDEX('12_字段字典'!$I:$I,MATCH($B34,'12_字段字典'!$B:$B,0)),"") | Q34: =IFERROR(INDEX('12_字段字典'!$J:$J,MATCH($B34,'12_字段字典'!$B:$B,0)),"") | R34: =IFERROR(INDEX('12_字段字典'!$K:$K,MATCH($B34,'12_字段字典'!$B:$B,0)),"") | S34: =IFERROR(INDEX('12_字段字典'!$L:$L,MATCH($B34,'12_字段字典'!$B:$B,0)),"") | T34: =IFERROR(INDEX('12_字段字典'!$M:$M,MATCH($B34,'12_字段字典'!$B:$B,0)),"")
A35: A. 基本身份 | B35: due_diligence_policy_url | C35: 尽调政策链接 | D35: due diligence policy URL | E35: 文本 | F35: https://www.catl.com/ | G35: https://www.catl.com/ | H35: 尽调公开字段 | I35: 政策文件/官网 | J35: EU | K35: =IFERROR(INDEX('12_字段字典'!$D:$D,MATCH($B35,'12_字段字典'!$B:$B,0)),"") | L35: =IFERROR(INDEX('12_字段字典'!$E:$E,MATCH($B35,'12_字段字典'!$B:$B,0)),"") | M35: =IFERROR(INDEX('12_字段字典'!$F:$F,MATCH($B35,'12_字段字典'!$B:$B,0)),"") | N35: =IFERROR(INDEX('12_字段字典'!$G:$G,MATCH($B35,'12_字段字典'!$B:$B,0)),"") | O35: =IFERROR(INDEX('12_字段字典'!$H:$H,MATCH($B35,'12_字段字典'!$B:$B,0)),"") | P35: =IFERROR(INDEX('12_字段字典'!$I:$I,MATCH($B35,'12_字段字典'!$B:$B,0)),"") | Q35: =IFERROR(INDEX('12_字段字典'!$J:$J,MATCH($B35,'12_字段字典'!$B:$B,0)),"") | R35: =IFERROR(INDEX('12_字段字典'!$K:$K,MATCH($B35,'12_字段字典'!$B:$B,0)),"") | S35: =IFERROR(INDEX('12_字段字典'!$L:$L,MATCH($B35,'12_字段字典'!$B:$B,0)),"") | T35: =IFERROR(INDEX('12_字段字典'!$M:$M,MATCH($B35,'12_字段字典'!$B:$B,0)),"")
A36: A. 基本身份 | B36: qr_object_id | C36: 护照对象 ID | D36: passport object id | E36: 文本 | F36: passport-generic-template-001 | G36: passport-generic-template-001 | H36: 数字护照对象键 | I36: 护照系统对象 ID | J36: EU | K36: =IFERROR(INDEX('12_字段字典'!$D:$D,MATCH($B36,'12_字段字典'!$B:$B,0)),"") | L36: =IFERROR(INDEX('12_字段字典'!$E:$E,MATCH($B36,'12_字段字典'!$B:$B,0)),"") | M36: =IFERROR(INDEX('12_字段字典'!$F:$F,MATCH($B36,'12_字段字典'!$B:$B,0)),"") | N36: =IFERROR(INDEX('12_字段字典'!$G:$G,MATCH($B36,'12_字段字典'!$B:$B,0)),"") | O36: =IFERROR(INDEX('12_字段字典'!$H:$H,MATCH($B36,'12_字段字典'!$B:$B,0)),"") | P36: =IFERROR(INDEX('12_字段字典'!$I:$I,MATCH($B36,'12_字段字典'!$B:$B,0)),"") | Q36: =IFERROR(INDEX('12_字段字典'!$J:$J,MATCH($B36,'12_字段字典'!$B:$B,0)),"") | R36: =IFERROR(INDEX('12_字段字典'!$K:$K,MATCH($B36,'12_字段字典'!$B:$B,0)),"") | S36: =IFERROR(INDEX('12_字段字典'!$L:$L,MATCH($B36,'12_字段字典'!$B:$B,0)),"") | T36: =IFERROR(INDEX('12_字段字典'!$M:$M,MATCH($B36,'12_字段字典'!$B:$B,0)),"")
A37: B. 合规准备状态 | B37: pcf_study_status | C37: 产品碳足迹研究底稿状态 | D37: PCF study status | E37: 文本 | F37: 齐备 | G37: 齐备 | H37: 碳足迹声明底稿是否齐备 | I37: PCF 研究底稿 | J37: EU | K37: =IFERROR(INDEX('12_字段字典'!$D:$D,MATCH($B37,'12_字段字典'!$B:$B,0)),"") | L37: =IFERROR(INDEX('12_字段字典'!$E:$E,MATCH($B37,'12_字段字典'!$B:$B,0)),"") | M37: =IFERROR(INDEX('12_字段字典'!$F:$F,MATCH($B37,'12_字段字典'!$B:$B,0)),"") | N37: =IFERROR(INDEX('12_字段字典'!$G:$G,MATCH($B37,'12_字段字典'!$B:$B,0)),"") | O37: =IFERROR(INDEX('12_字段字典'!$H:$H,MATCH($B37,'12_字段字典'!$B:$B,0)),"") | P37: =IFERROR(INDEX('12_字段字典'!$I:$I,MATCH($B37,'12_字段字典'!$B:$B,0)),"") | Q37: =IFERROR(INDEX('12_字段字典'!$J:$J,MATCH($B37,'12_字段字典'!$B:$B,0)),"") | R37: =IFERROR(INDEX('12_字段字典'!$K:$K,MATCH($B37,'12_字段字典'!$B:$B,0)),"") | S37: =IFERROR(INDEX('12_字段字典'!$L:$L,MATCH($B37,'12_字段字典'!$B:$B,0)),"") | T37: =IFERROR(INDEX('12_字段字典'!$M:$M,MATCH($B37,'12_字段字典'!$B:$B,0)),"")
A38: B. 合规准备状态 | B38: test_report_status | C38: 测试报告状态 | D38: test report status | E38: 文本 | F38: 齐备 | G38: 齐备 | H38: 正式合规评估硬材料 | I38: 测试报告原件 | J38: EU | K38: =IFERROR(INDEX('12_字段字典'!$D:$D,MATCH($B38,'12_字段字典'!$B:$B,0)),"") | L38: =IFERROR(INDEX('12_字段字典'!$E:$E,MATCH($B38,'12_字段字典'!$B:$B,0)),"") | M38: =IFERROR(INDEX('12_字段字典'!$F:$F,MATCH($B38,'12_字段字典'!$B:$B,0)),"") | N38: =IFERROR(INDEX('12_字段字典'!$G:$G,MATCH($B38,'12_字段字典'!$B:$B,0)),"") | O38: =IFERROR(INDEX('12_字段字典'!$H:$H,MATCH($B38,'12_字段字典'!$B:$B,0)),"") | P38: =IFERROR(INDEX('12_字段字典'!$I:$I,MATCH($B38,'12_字段字典'!$B:$B,0)),"") | Q38: =IFERROR(INDEX('12_字段字典'!$J:$J,MATCH($B38,'12_字段字典'!$B:$B,0)),"") | R38: =IFERROR(INDEX('12_字段字典'!$K:$K,MATCH($B38,'12_字段字典'!$B:$B,0)),"") | S38: =IFERROR(INDEX('12_字段字典'!$L:$L,MATCH($B38,'12_字段字典'!$B:$B,0)),"") | T38: =IFERROR(INDEX('12_字段字典'!$M:$M,MATCH($B38,'12_字段字典'!$B:$B,0)),"")
A39: B. 合规准备状态 | B39: technical_doc_status | C39: 技术文档状态 | D39: technical documentation status | E39: 文本 | F39: 齐备 | G39: 齐备 | H39: Annex VIII 关键材料 | I39: 图纸/说明书/计算书 | J39: EU | K39: =IFERROR(INDEX('12_字段字典'!$D:$D,MATCH($B39,'12_字段字典'!$B:$B,0)),"") | L39: =IFERROR(INDEX('12_字段字典'!$E:$E,MATCH($B39,'12_字段字典'!$B:$B,0)),"") | M39: =IFERROR(INDEX('12_字段字典'!$F:$F,MATCH($B39,'12_字段字典'!$B:$B,0)),"") | N39: =IFERROR(INDEX('12_字段字典'!$G:$G,MATCH($B39,'12_字段字典'!$B:$B,0)),"") | O39: =IFERROR(INDEX('12_字段字典'!$H:$H,MATCH($B39,'12_字段字典'!$B:$B,0)),"") | P39: =IFERROR(INDEX('12_字段字典'!$I:$I,MATCH($B39,'12_字段字典'!$B:$B,0)),"") | Q39: =IFERROR(INDEX('12_字段字典'!$J:$J,MATCH($B39,'12_字段字典'!$B:$B,0)),"") | R39: =IFERROR(INDEX('12_字段字典'!$K:$K,MATCH($B39,'12_字段字典'!$B:$B,0)),"") | S39: =IFERROR(INDEX('12_字段字典'!$L:$L,MATCH($B39,'12_字段字典'!$B:$B,0)),"") | T39: =IFERROR(INDEX('12_字段字典'!$M:$M,MATCH($B39,'12_字段字典'!$B:$B,0)),"")
A40: B. 合规准备状态 | B40: third_party_verification_status | C40: 第三方核验状态 | D40: third-party verification status | E40: 文本 | F40: 已核验 | G40: 已核验 | H40: 碳足迹/再生料/上游 PCF 关键状态 | I40: 核验声明 | J40: EU+CBAM | K40: =IFERROR(INDEX('12_字段字典'!$D:$D,MATCH($B40,'12_字段字典'!$B:$B,0)),"") | L40: =IFERROR(INDEX('12_字段字典'!$E:$E,MATCH($B40,'12_字段字典'!$B:$B,0)),"") | M40: =IFERROR(INDEX('12_字段字典'!$F:$F,MATCH($B40,'12_字段字典'!$B:$B,0)),"") | N40: =IFERROR(INDEX('12_字段字典'!$G:$G,MATCH($B40,'12_字段字典'!$B:$B,0)),"") | O40: =IFERROR(INDEX('12_字段字典'!$H:$H,MATCH($B40,'12_字段字典'!$B:$B,0)),"") | P40: =IFERROR(INDEX('12_字段字典'!$I:$I,MATCH($B40,'12_字段字典'!$B:$B,0)),"") | Q40: =IFERROR(INDEX('12_字段字典'!$J:$J,MATCH($B40,'12_字段字典'!$B:$B,0)),"") | R40: =IFERROR(INDEX('12_字段字典'!$K:$K,MATCH($B40,'12_字段字典'!$B:$B,0)),"") | S40: =IFERROR(INDEX('12_字段字典'!$L:$L,MATCH($B40,'12_字段字典'!$B:$B,0)),"") | T40: =IFERROR(INDEX('12_字段字典'!$M:$M,MATCH($B40,'12_字段字典'!$B:$B,0)),"")
A41: B. 合规准备状态 | B41: passport_data_package_status | C41: 护照数据包状态 | D41: passport data package status | E41: 文本 | F41: 齐备 | G41: 齐备 | H41: 决定护照对象能否生成 | I41: 结构化数据包 | J41: EU | K41: =IFERROR(INDEX('12_字段字典'!$D:$D,MATCH($B41,'12_字段字典'!$B:$B,0)),"") | L41: =IFERROR(INDEX('12_字段字典'!$E:$E,MATCH($B41,'12_字段字典'!$B:$B,0)),"") | M41: =IFERROR(INDEX('12_字段字典'!$F:$F,MATCH($B41,'12_字段字典'!$B:$B,0)),"") | N41: =IFERROR(INDEX('12_字段字典'!$G:$G,MATCH($B41,'12_字段字典'!$B:$B,0)),"") | O41: =IFERROR(INDEX('12_字段字典'!$H:$H,MATCH($B41,'12_字段字典'!$B:$B,0)),"") | P41: =IFERROR(INDEX('12_字段字典'!$I:$I,MATCH($B41,'12_字段字典'!$B:$B,0)),"") | Q41: =IFERROR(INDEX('12_字段字典'!$J:$J,MATCH($B41,'12_字段字典'!$B:$B,0)),"") | R41: =IFERROR(INDEX('12_字段字典'!$K:$K,MATCH($B41,'12_字段字典'!$B:$B,0)),"") | S41: =IFERROR(INDEX('12_字段字典'!$L:$L,MATCH($B41,'12_字段字典'!$B:$B,0)),"") | T41: =IFERROR(INDEX('12_字段字典'!$M:$M,MATCH($B41,'12_字段字典'!$B:$B,0)),"")
A42: B. 合规准备状态 | B42: access_matrix_status | C42: 分层访问矩阵状态 | D42: access matrix status | E42: 文本 | F42: 齐备 | G42: 齐备 | H42: 保护数据主权的关键控制项 | I42: 访问矩阵文档 | J42: EU+CBAM | K42: =IFERROR(INDEX('12_字段字典'!$D:$D,MATCH($B42,'12_字段字典'!$B:$B,0)),"") | L42: =IFERROR(INDEX('12_字段字典'!$E:$E,MATCH($B42,'12_字段字典'!$B:$B,0)),"") | M42: =IFERROR(INDEX('12_字段字典'!$F:$F,MATCH($B42,'12_字段字典'!$B:$B,0)),"") | N42: =IFERROR(INDEX('12_字段字典'!$G:$G,MATCH($B42,'12_字段字典'!$B:$B,0)),"") | O42: =IFERROR(INDEX('12_字段字典'!$H:$H,MATCH($B42,'12_字段字典'!$B:$B,0)),"") | P42: =IFERROR(INDEX('12_字段字典'!$I:$I,MATCH($B42,'12_字段字典'!$B:$B,0)),"") | Q42: =IFERROR(INDEX('12_字段字典'!$J:$J,MATCH($B42,'12_字段字典'!$B:$B,0)),"") | R42: =IFERROR(INDEX('12_字段字典'!$K:$K,MATCH($B42,'12_字段字典'!$B:$B,0)),"") | S42: =IFERROR(INDEX('12_字段字典'!$L:$L,MATCH($B42,'12_字段字典'!$B:$B,0)),"") | T42: =IFERROR(INDEX('12_字段字典'!$M:$M,MATCH($B42,'12_字段字典'!$B:$B,0)),"")
A43: B. 合规准备状态 | B43: supplier_traceability_coverage_pct | C43: 供应链追溯覆盖率 | D43: traceability coverage | E43: % | F43: 0.92 | G43: 0.92 | H43: 越高越能支撑尽调与追溯 | I43: 追溯台账 | J43: EU+CBAM | K43: =IFERROR(INDEX('12_字段字典'!$D:$D,MATCH($B43,'12_字段字典'!$B:$B,0)),"") | L43: =IFERROR(INDEX('12_字段字典'!$E:$E,MATCH($B43,'12_字段字典'!$B:$B,0)),"") | M43: =IFERROR(INDEX('12_字段字典'!$F:$F,MATCH($B43,'12_字段字典'!$B:$B,0)),"") | N43: =IFERROR(INDEX('12_字段字典'!$G:$G,MATCH($B43,'12_字段字典'!$B:$B,0)),"") | O43: =IFERROR(INDEX('12_字段字典'!$H:$H,MATCH($B43,'12_字段字典'!$B:$B,0)),"") | P43: =IFERROR(INDEX('12_字段字典'!$I:$I,MATCH($B43,'12_字段字典'!$B:$B,0)),"") | Q43: =IFERROR(INDEX('12_字段字典'!$J:$J,MATCH($B43,'12_字段字典'!$B:$B,0)),"") | R43: =IFERROR(INDEX('12_字段字典'!$K:$K,MATCH($B43,'12_字段字典'!$B:$B,0)),"") | S43: =IFERROR(INDEX('12_字段字典'!$L:$L,MATCH($B43,'12_字段字典'!$B:$B,0)),"") | T43: =IFERROR(INDEX('12_字段字典'!$M:$M,MATCH($B43,'12_字段字典'!$B:$B,0)),"")
A44: B. 合规准备状态 | B44: supplier_pcf_coverage_pct | C44: 供应商 PCF 覆盖率 | D44: supplier PCF coverage | E44: % | F44: 0.76 | G44: 0.76 | H44: 决定上游碳数据基础强度 | I44: 供应商 PCF 报告 | J44: EU+CBAM | K44: =IFERROR(INDEX('12_字段字典'!$D:$D,MATCH($B44,'12_字段字典'!$B:$B,0)),"") | L44: =IFERROR(INDEX('12_字段字典'!$E:$E,MATCH($B44,'12_字段字典'!$B:$B,0)),"") | M44: =IFERROR(INDEX('12_字段字典'!$F:$F,MATCH($B44,'12_字段字典'!$B:$B,0)),"") | N44: =IFERROR(INDEX('12_字段字典'!$G:$G,MATCH($B44,'12_字段字典'!$B:$B,0)),"") | O44: =IFERROR(INDEX('12_字段字典'!$H:$H,MATCH($B44,'12_字段字典'!$B:$B,0)),"") | P44: =IFERROR(INDEX('12_字段字典'!$I:$I,MATCH($B44,'12_字段字典'!$B:$B,0)),"") | Q44: =IFERROR(INDEX('12_字段字典'!$J:$J,MATCH($B44,'12_字段字典'!$B:$B,0)),"") | R44: =IFERROR(INDEX('12_字段字典'!$K:$K,MATCH($B44,'12_字段字典'!$B:$B,0)),"") | S44: =IFERROR(INDEX('12_字段字典'!$L:$L,MATCH($B44,'12_字段字典'!$B:$B,0)),"") | T44: =IFERROR(INDEX('12_字段字典'!$M:$M,MATCH($B44,'12_字段字典'!$B:$B,0)),"")
A45: B. 合规准备状态 | B45: critical_material_scope | C45: 关键原材料追溯范围 | D45: critical material scope | E45: 文本 | F45: lithium / graphite / aluminium / copper / steel | G45: lithium / graphite / aluminium / copper / steel | H45: 当前模板默认覆盖的关键原材料，可按实际产品扩展或缩减 | I45: BOM/追溯记录 | J45: EU+CBAM | K45: =IFERROR(INDEX('12_字段字典'!$D:$D,MATCH($B45,'12_字段字典'!$B:$B,0)),"") | L45: =IFERROR(INDEX('12_字段字典'!$E:$E,MATCH($B45,'12_字段字典'!$B:$B,0)),"") | M45: =IFERROR(INDEX('12_字段字典'!$F:$F,MATCH($B45,'12_字段字典'!$B:$B,0)),"") | N45: =IFERROR(INDEX('12_字段字典'!$G:$G,MATCH($B45,'12_字段字典'!$B:$B,0)),"") | O45: =IFERROR(INDEX('12_字段字典'!$H:$H,MATCH($B45,'12_字段字典'!$B:$B,0)),"") | P45: =IFERROR(INDEX('12_字段字典'!$I:$I,MATCH($B45,'12_字段字典'!$B:$B,0)),"") | Q45: =IFERROR(INDEX('12_字段字典'!$J:$J,MATCH($B45,'12_字段字典'!$B:$B,0)),"") | R45: =IFERROR(INDEX('12_字段字典'!$K:$K,MATCH($B45,'12_字段字典'!$B:$B,0)),"") | S45: =IFERROR(INDEX('12_字段字典'!$L:$L,MATCH($B45,'12_字段字典'!$B:$B,0)),"") | T45: =IFERROR(INDEX('12_字段字典'!$M:$M,MATCH($B45,'12_字段字典'!$B:$B,0)),"")
A46: C. 材料用量 | B46: cathode_mass_kg | C46: 正极材料质量 | D46: cathode mass | E46: kg/declared unit | F46: 140 | G46: 140 | H46: 按当前申报单元填报，而不是默认按单个电池包填报 | I46: BOM | J46: EU | K46: =IFERROR(INDEX('12_字段字典'!$D:$D,MATCH($B46,'12_字段字典'!$B:$B,0)),"") | L46: =IFERROR(INDEX('12_字段字典'!$E:$E,MATCH($B46,'12_字段字典'!$B:$B,0)),"") | M46: =IFERROR(INDEX('12_字段字典'!$F:$F,MATCH($B46,'12_字段字典'!$B:$B,0)),"") | N46: =IFERROR(INDEX('12_字段字典'!$G:$G,MATCH($B46,'12_字段字典'!$B:$B,0)),"") | O46: =IFERROR(INDEX('12_字段字典'!$H:$H,MATCH($B46,'12_字段字典'!$B:$B,0)),"") | P46: =IFERROR(INDEX('12_字段字典'!$I:$I,MATCH($B46,'12_字段字典'!$B:$B,0)),"") | Q46: =IFERROR(INDEX('12_字段字典'!$J:$J,MATCH($B46,'12_字段字典'!$B:$B,0)),"") | R46: =IFERROR(INDEX('12_字段字典'!$K:$K,MATCH($B46,'12_字段字典'!$B:$B,0)),"") | S46: =IFERROR(INDEX('12_字段字典'!$L:$L,MATCH($B46,'12_字段字典'!$B:$B,0)),"") | T46: =IFERROR(INDEX('12_字段字典'!$M:$M,MATCH($B46,'12_字段字典'!$B:$B,0)),"")
A47: C. 材料用量 | B47: anode_mass_kg | C47: 负极材料质量 | D47: anode mass | E47: kg/declared unit | F47: 70 | G47: 70 | H47: 按当前申报单元填报，而不是默认按单个电池包填报 | I47: BOM | J47: EU | K47: =IFERROR(INDEX('12_字段字典'!$D:$D,MATCH($B47,'12_字段字典'!$B:$B,0)),"") | L47: =IFERROR(INDEX('12_字段字典'!$E:$E,MATCH($B47,'12_字段字典'!$B:$B,0)),"") | M47: =IFERROR(INDEX('12_字段字典'!$F:$F,MATCH($B47,'12_字段字典'!$B:$B,0)),"") | N47: =IFERROR(INDEX('12_字段字典'!$G:$G,MATCH($B47,'12_字段字典'!$B:$B,0)),"") | O47: =IFERROR(INDEX('12_字段字典'!$H:$H,MATCH($B47,'12_字段字典'!$B:$B,0)),"") | P47: =IFERROR(INDEX('12_字段字典'!$I:$I,MATCH($B47,'12_字段字典'!$B:$B,0)),"") | Q47: =IFERROR(INDEX('12_字段字典'!$J:$J,MATCH($B47,'12_字段字典'!$B:$B,0)),"") | R47: =IFERROR(INDEX('12_字段字典'!$K:$K,MATCH($B47,'12_字段字典'!$B:$B,0)),"") | S47: =IFERROR(INDEX('12_字段字典'!$L:$L,MATCH($B47,'12_字段字典'!$B:$B,0)),"") | T47: =IFERROR(INDEX('12_字段字典'!$M:$M,MATCH($B47,'12_字段字典'!$B:$B,0)),"")
A48: C. 材料用量 | B48: electrolyte_mass_kg | C48: 电解液质量 | D48: electrolyte mass | E48: kg/declared unit | F48: 35 | G48: 35 | H48: 按当前申报单元填报，而不是默认按单个电池包填报 | I48: BOM | J48: EU | K48: =IFERROR(INDEX('12_字段字典'!$D:$D,MATCH($B48,'12_字段字典'!$B:$B,0)),"") | L48: =IFERROR(INDEX('12_字段字典'!$E:$E,MATCH($B48,'12_字段字典'!$B:$B,0)),"") | M48: =IFERROR(INDEX('12_字段字典'!$F:$F,MATCH($B48,'12_字段字典'!$B:$B,0)),"") | N48: =IFERROR(INDEX('12_字段字典'!$G:$G,MATCH($B48,'12_字段字典'!$B:$B,0)),"") | O48: =IFERROR(INDEX('12_字段字典'!$H:$H,MATCH($B48,'12_字段字典'!$B:$B,0)),"") | P48: =IFERROR(INDEX('12_字段字典'!$I:$I,MATCH($B48,'12_字段字典'!$B:$B,0)),"") | Q48: =IFERROR(INDEX('12_字段字典'!$J:$J,MATCH($B48,'12_字段字典'!$B:$B,0)),"") | R48: =IFERROR(INDEX('12_字段字典'!$K:$K,MATCH($B48,'12_字段字典'!$B:$B,0)),"") | S48: =IFERROR(INDEX('12_字段字典'!$L:$L,MATCH($B48,'12_字段字典'!$B:$B,0)),"") | T48: =IFERROR(INDEX('12_字段字典'!$M:$M,MATCH($B48,'12_字段字典'!$B:$B,0)),"")
A49: C. 材料用量 | B49: separator_mass_kg | C49: 隔膜质量 | D49: separator mass | E49: kg/declared unit | F49: 12 | G49: 12 | H49: 按当前申报单元填报，而不是默认按单个电池包填报 | I49: BOM | J49: EU | K49: =IFERROR(INDEX('12_字段字典'!$D:$D,MATCH($B49,'12_字段字典'!$B:$B,0)),"") | L49: =IFERROR(INDEX('12_字段字典'!$E:$E,MATCH($B49,'12_字段字典'!$B:$B,0)),"") | M49: =IFERROR(INDEX('12_字段字典'!$F:$F,MATCH($B49,'12_字段字典'!$B:$B,0)),"") | N49: =IFERROR(INDEX('12_字段字典'!$G:$G,MATCH($B49,'12_字段字典'!$B:$B,0)),"") | O49: =IFERROR(INDEX('12_字段字典'!$H:$H,MATCH($B49,'12_字段字典'!$B:$B,0)),"") | P49: =IFERROR(INDEX('12_字段字典'!$I:$I,MATCH($B49,'12_字段字典'!$B:$B,0)),"") | Q49: =IFERROR(INDEX('12_字段字典'!$J:$J,MATCH($B49,'12_字段字典'!$B:$B,0)),"") | R49: =IFERROR(INDEX('12_字段字典'!$K:$K,MATCH($B49,'12_字段字典'!$B:$B,0)),"") | S49: =IFERROR(INDEX('12_字段字典'!$L:$L,MATCH($B49,'12_字段字典'!$B:$B,0)),"") | T49: =IFERROR(INDEX('12_字段字典'!$M:$M,MATCH($B49,'12_字段字典'!$B:$B,0)),"")
A50: C. 材料用量 | B50: copper_mass_kg | C50: 铜材质量 | D50: copper mass | E50: kg/declared unit | F50: 50 | G50: 50 | H50: 按当前申报单元填报，而不是默认按单个电池包填报 | I50: BOM | J50: EU | K50: =IFERROR(INDEX('12_字段字典'!$D:$D,MATCH($B50,'12_字段字典'!$B:$B,0)),"") | L50: =IFERROR(INDEX('12_字段字典'!$E:$E,MATCH($B50,'12_字段字典'!$B:$B,0)),"") | M50: =IFERROR(INDEX('12_字段字典'!$F:$F,MATCH($B50,'12_字段字典'!$B:$B,0)),"") | N50: =IFERROR(INDEX('12_字段字典'!$G:$G,MATCH($B50,'12_字段字典'!$B:$B,0)),"") | O50: =IFERROR(INDEX('12_字段字典'!$H:$H,MATCH($B50,'12_字段字典'!$B:$B,0)),"") | P50: =IFERROR(INDEX('12_字段字典'!$I:$I,MATCH($B50,'12_字段字典'!$B:$B,0)),"") | Q50: =IFERROR(INDEX('12_字段字典'!$J:$J,MATCH($B50,'12_字段字典'!$B:$B,0)),"") | R50: =IFERROR(INDEX('12_字段字典'!$K:$K,MATCH($B50,'12_字段字典'!$B:$B,0)),"") | S50: =IFERROR(INDEX('12_字段字典'!$L:$L,MATCH($B50,'12_字段字典'!$B:$B,0)),"") | T50: =IFERROR(INDEX('12_字段字典'!$M:$M,MATCH($B50,'12_字段字典'!$B:$B,0)),"")
A51: C. 材料用量 | B51: aluminium_mass_kg | C51: 铝材质量 | D51: aluminium mass | E51: kg/declared unit | F51: 80 | G51: 80 | H51: 按当前申报单元填报，而不是默认按单个电池包填报 | I51: BOM | J51: EU+CBAM | K51: =IFERROR(INDEX('12_字段字典'!$D:$D,MATCH($B51,'12_字段字典'!$B:$B,0)),"") | L51: =IFERROR(INDEX('12_字段字典'!$E:$E,MATCH($B51,'12_字段字典'!$B:$B,0)),"") | M51: =IFERROR(INDEX('12_字段字典'!$F:$F,MATCH($B51,'12_字段字典'!$B:$B,0)),"") | N51: =IFERROR(INDEX('12_字段字典'!$G:$G,MATCH($B51,'12_字段字典'!$B:$B,0)),"") | O51: =IFERROR(INDEX('12_字段字典'!$H:$H,MATCH($B51,'12_字段字典'!$B:$B,0)),"") | P51: =IFERROR(INDEX('12_字段字典'!$I:$I,MATCH($B51,'12_字段字典'!$B:$B,0)),"") | Q51: =IFERROR(INDEX('12_字段字典'!$J:$J,MATCH($B51,'12_字段字典'!$B:$B,0)),"") | R51: =IFERROR(INDEX('12_字段字典'!$K:$K,MATCH($B51,'12_字段字典'!$B:$B,0)),"") | S51: =IFERROR(INDEX('12_字段字典'!$L:$L,MATCH($B51,'12_字段字典'!$B:$B,0)),"") | T51: =IFERROR(INDEX('12_字段字典'!$M:$M,MATCH($B51,'12_字段字典'!$B:$B,0)),"")
A52: C. 材料用量 | B52: steel_mass_kg | C52: 钢材质量 | D52: steel mass | E52: kg/declared unit | F52: 30 | G52: 30 | H52: 按当前申报单元填报，而不是默认按单个电池包填报 | I52: BOM | J52: EU+CBAM | K52: =IFERROR(INDEX('12_字段字典'!$D:$D,MATCH($B52,'12_字段字典'!$B:$B,0)),"") | L52: =IFERROR(INDEX('12_字段字典'!$E:$E,MATCH($B52,'12_字段字典'!$B:$B,0)),"") | M52: =IFERROR(INDEX('12_字段字典'!$F:$F,MATCH($B52,'12_字段字典'!$B:$B,0)),"") | N52: =IFERROR(INDEX('12_字段字典'!$G:$G,MATCH($B52,'12_字段字典'!$B:$B,0)),"") | O52: =IFERROR(INDEX('12_字段字典'!$H:$H,MATCH($B52,'12_字段字典'!$B:$B,0)),"") | P52: =IFERROR(INDEX('12_字段字典'!$I:$I,MATCH($B52,'12_字段字典'!$B:$B,0)),"") | Q52: =IFERROR(INDEX('12_字段字典'!$J:$J,MATCH($B52,'12_字段字典'!$B:$B,0)),"") | R52: =IFERROR(INDEX('12_字段字典'!$K:$K,MATCH($B52,'12_字段字典'!$B:$B,0)),"") | S52: =IFERROR(INDEX('12_字段字典'!$L:$L,MATCH($B52,'12_字段字典'!$B:$B,0)),"") | T52: =IFERROR(INDEX('12_字段字典'!$M:$M,MATCH($B52,'12_字段字典'!$B:$B,0)),"")
A53: C. 材料用量 | B53: plastic_mass_kg | C53: 塑料件质量 | D53: plastic mass | E53: kg/declared unit | F53: 25 | G53: 25 | H53: 按当前申报单元填报，而不是默认按单个电池包填报 | I53: BOM | J53: EU | K53: =IFERROR(INDEX('12_字段字典'!$D:$D,MATCH($B53,'12_字段字典'!$B:$B,0)),"") | L53: =IFERROR(INDEX('12_字段字典'!$E:$E,MATCH($B53,'12_字段字典'!$B:$B,0)),"") | M53: =IFERROR(INDEX('12_字段字典'!$F:$F,MATCH($B53,'12_字段字典'!$B:$B,0)),"") | N53: =IFERROR(INDEX('12_字段字典'!$G:$G,MATCH($B53,'12_字段字典'!$B:$B,0)),"") | O53: =IFERROR(INDEX('12_字段字典'!$H:$H,MATCH($B53,'12_字段字典'!$B:$B,0)),"") | P53: =IFERROR(INDEX('12_字段字典'!$I:$I,MATCH($B53,'12_字段字典'!$B:$B,0)),"") | Q53: =IFERROR(INDEX('12_字段字典'!$J:$J,MATCH($B53,'12_字段字典'!$B:$B,0)),"") | R53: =IFERROR(INDEX('12_字段字典'!$K:$K,MATCH($B53,'12_字段字典'!$B:$B,0)),"") | S53: =IFERROR(INDEX('12_字段字典'!$L:$L,MATCH($B53,'12_字段字典'!$B:$B,0)),"") | T53: =IFERROR(INDEX('12_字段字典'!$M:$M,MATCH($B53,'12_字段字典'!$B:$B,0)),"")
A54: C. 材料用量 | B54: other_material_mass_kg | C54: 其他材料质量 | D54: other material mass | E54: kg/declared unit | F54: 100 | G54: 100 | H54: 按当前申报单元填报，而不是默认按单个电池包填报 | I54: BOM | J54: EU | K54: =IFERROR(INDEX('12_字段字典'!$D:$D,MATCH($B54,'12_字段字典'!$B:$B,0)),"") | L54: =IFERROR(INDEX('12_字段字典'!$E:$E,MATCH($B54,'12_字段字典'!$B:$B,0)),"") | M54: =IFERROR(INDEX('12_字段字典'!$F:$F,MATCH($B54,'12_字段字典'!$B:$B,0)),"") | N54: =IFERROR(INDEX('12_字段字典'!$G:$G,MATCH($B54,'12_字段字典'!$B:$B,0)),"") | O54: =IFERROR(INDEX('12_字段字典'!$H:$H,MATCH($B54,'12_字段字典'!$B:$B,0)),"") | P54: =IFERROR(INDEX('12_字段字典'!$I:$I,MATCH($B54,'12_字段字典'!$B:$B,0)),"") | Q54: =IFERROR(INDEX('12_字段字典'!$J:$J,MATCH($B54,'12_字段字典'!$B:$B,0)),"") | R54: =IFERROR(INDEX('12_字段字典'!$K:$K,MATCH($B54,'12_字段字典'!$B:$B,0)),"") | S54: =IFERROR(INDEX('12_字段字典'!$L:$L,MATCH($B54,'12_字段字典'!$B:$B,0)),"") | T54: =IFERROR(INDEX('12_字段字典'!$M:$M,MATCH($B54,'12_字段字典'!$B:$B,0)),"")
A55: D. 材料排放因子 | B55: cathode_pcf | C55: 正极材料排放因子 | D55: cathode PCF | E55: kgCO2e/kg | F55: 5 | G55: 5 | H55: 供应商 PCF 或行业因子 | I55: 供应商 PCF / 因子库 | J55: EU | K55: =IFERROR(INDEX('12_字段字典'!$D:$D,MATCH($B55,'12_字段字典'!$B:$B,0)),"") | L55: =IFERROR(INDEX('12_字段字典'!$E:$E,MATCH($B55,'12_字段字典'!$B:$B,0)),"") | M55: =IFERROR(INDEX('12_字段字典'!$F:$F,MATCH($B55,'12_字段字典'!$B:$B,0)),"") | N55: =IFERROR(INDEX('12_字段字典'!$G:$G,MATCH($B55,'12_字段字典'!$B:$B,0)),"") | O55: =IFERROR(INDEX('12_字段字典'!$H:$H,MATCH($B55,'12_字段字典'!$B:$B,0)),"") | P55: =IFERROR(INDEX('12_字段字典'!$I:$I,MATCH($B55,'12_字段字典'!$B:$B,0)),"") | Q55: =IFERROR(INDEX('12_字段字典'!$J:$J,MATCH($B55,'12_字段字典'!$B:$B,0)),"") | R55: =IFERROR(INDEX('12_字段字典'!$K:$K,MATCH($B55,'12_字段字典'!$B:$B,0)),"") | S55: =IFERROR(INDEX('12_字段字典'!$L:$L,MATCH($B55,'12_字段字典'!$B:$B,0)),"") | T55: =IFERROR(INDEX('12_字段字典'!$M:$M,MATCH($B55,'12_字段字典'!$B:$B,0)),"")
A56: D. 材料排放因子 | B56: anode_pcf | C56: 负极材料排放因子 | D56: anode PCF | E56: kgCO2e/kg | F56: 6.5 | G56: 6.5 | H56: 供应商 PCF 或行业因子 | I56: 供应商 PCF / 因子库 | J56: EU | K56: =IFERROR(INDEX('12_字段字典'!$D:$D,MATCH($B56,'12_字段字典'!$B:$B,0)),"") | L56: =IFERROR(INDEX('12_字段字典'!$E:$E,MATCH($B56,'12_字段字典'!$B:$B,0)),"") | M56: =IFERROR(INDEX('12_字段字典'!$F:$F,MATCH($B56,'12_字段字典'!$B:$B,0)),"") | N56: =IFERROR(INDEX('12_字段字典'!$G:$G,MATCH($B56,'12_字段字典'!$B:$B,0)),"") | O56: =IFERROR(INDEX('12_字段字典'!$H:$H,MATCH($B56,'12_字段字典'!$B:$B,0)),"") | P56: =IFERROR(INDEX('12_字段字典'!$I:$I,MATCH($B56,'12_字段字典'!$B:$B,0)),"") | Q56: =IFERROR(INDEX('12_字段字典'!$J:$J,MATCH($B56,'12_字段字典'!$B:$B,0)),"") | R56: =IFERROR(INDEX('12_字段字典'!$K:$K,MATCH($B56,'12_字段字典'!$B:$B,0)),"") | S56: =IFERROR(INDEX('12_字段字典'!$L:$L,MATCH($B56,'12_字段字典'!$B:$B,0)),"") | T56: =IFERROR(INDEX('12_字段字典'!$M:$M,MATCH($B56,'12_字段字典'!$B:$B,0)),"")
A57: D. 材料排放因子 | B57: electrolyte_pcf | C57: 电解液排放因子 | D57: electrolyte PCF | E57: kgCO2e/kg | F57: 8 | G57: 8 | H57: 供应商 PCF 或行业因子 | I57: 供应商 PCF / 因子库 | J57: EU | K57: =IFERROR(INDEX('12_字段字典'!$D:$D,MATCH($B57,'12_字段字典'!$B:$B,0)),"") | L57: =IFERROR(INDEX('12_字段字典'!$E:$E,MATCH($B57,'12_字段字典'!$B:$B,0)),"") | M57: =IFERROR(INDEX('12_字段字典'!$F:$F,MATCH($B57,'12_字段字典'!$B:$B,0)),"") | N57: =IFERROR(INDEX('12_字段字典'!$G:$G,MATCH($B57,'12_字段字典'!$B:$B,0)),"") | O57: =IFERROR(INDEX('12_字段字典'!$H:$H,MATCH($B57,'12_字段字典'!$B:$B,0)),"") | P57: =IFERROR(INDEX('12_字段字典'!$I:$I,MATCH($B57,'12_字段字典'!$B:$B,0)),"") | Q57: =IFERROR(INDEX('12_字段字典'!$J:$J,MATCH($B57,'12_字段字典'!$B:$B,0)),"") | R57: =IFERROR(INDEX('12_字段字典'!$K:$K,MATCH($B57,'12_字段字典'!$B:$B,0)),"") | S57: =IFERROR(INDEX('12_字段字典'!$L:$L,MATCH($B57,'12_字段字典'!$B:$B,0)),"") | T57: =IFERROR(INDEX('12_字段字典'!$M:$M,MATCH($B57,'12_字段字典'!$B:$B,0)),"")
... A84: G. 再生材料 | B84: recycled_steel_pct | C84: 再生钢占比 | D84: recycled steel share | E84: % | F84: 0.22 | G84: 0.22 | H84: 有助于上游减碳叙事 | I84: 质量平衡/供应商声明 | J84: EU+CBAM | K84: =IFERROR(INDEX('12_字段字典'!$D:$D,MATCH($B84,'12_字段字典'!$B:$B,0)),"") | L84: =IFERROR(INDEX('12_字段字典'!$E:$E,MATCH($B84,'12_字段字典'!$B:$B,0)),"") | M84: =IFERROR(INDEX('12_字段字典'!$F:$F,MATCH($B84,'12_字段字典'!$B:$B,0)),"") | N84: =IFERROR(INDEX('12_字段字典'!$G:$G,MATCH($B84,'12_字段字典'!$B:$B,0)),"") | O84: =IFERROR(INDEX('12_字段字典'!$H:$H,MATCH($B84,'12_字段字典'!$B:$B,0)),"") | P84: =IFERROR(INDEX('12_字段字典'!$I:$I,MATCH($B84,'12_字段字典'!$B:$B,0)),"") | Q84: =IFERROR(INDEX('12_字段字典'!$J:$J,MATCH($B84,'12_字段字典'!$B:$B,0)),"") | R84: =IFERROR(INDEX('12_字段字典'!$K:$K,MATCH($B84,'12_字段字典'!$B:$B,0)),"") | S84: =IFERROR(INDEX('12_字段字典'!$L:$L,MATCH($B84,'12_字段字典'!$B:$B,0)),"") | T84: =IFERROR(INDEX('12_字段字典'!$M:$M,MATCH($B84,'12_字段字典'!$B:$B,0)),"")
A85: H. CBAM 影子输入 | B85: aluminium_supplier_installation_id | C85: 铝材供应商安装点 ID | D85: aluminium installation ID | E85: 文本 | F85: AL-SUP-001 | G85: AL-SUP-001 | H85: 借鉴 CBAM installation 逻辑 | I85: 供应商安装点主数据 | J85: CBAM | K85: =IFERROR(INDEX('12_字段字典'!$D:$D,MATCH($B85,'12_字段字典'!$B:$B,0)),"") | L85: =IFERROR(INDEX('12_字段字典'!$E:$E,MATCH($B85,'12_字段字典'!$B:$B,0)),"") | M85: =IFERROR(INDEX('12_字段字典'!$F:$F,MATCH($B85,'12_字段字典'!$B:$B,0)),"") | N85: =IFERROR(INDEX('12_字段字典'!$G:$G,MATCH($B85,'12_字段字典'!$B:$B,0)),"") | O85: =IFERROR(INDEX('12_字段字典'!$H:$H,MATCH($B85,'12_字段字典'!$B:$B,0)),"") | P85: =IFERROR(INDEX('12_字段字典'!$I:$I,MATCH($B85,'12_字段字典'!$B:$B,0)),"") | Q85: =IFERROR(INDEX('12_字段字典'!$J:$J,MATCH($B85,'12_字段字典'!$B:$B,0)),"") | R85: =IFERROR(INDEX('12_字段字典'!$K:$K,MATCH($B85,'12_字段字典'!$B:$B,0)),"") | S85: =IFERROR(INDEX('12_字段字典'!$L:$L,MATCH($B85,'12_字段字典'!$B:$B,0)),"") | T85: =IFERROR(INDEX('12_字段字典'!$M:$M,MATCH($B85,'12_字段字典'!$B:$B,0)),"")
A86: H. CBAM 影子输入 | B86: steel_supplier_installation_id | C86: 钢材供应商安装点 ID | D86: steel installation ID | E86: 文本 | F86: ST-SUP-001 | G86: ST-SUP-001 | H86: 借鉴 CBAM installation 逻辑 | I86: 供应商安装点主数据 | J86: CBAM | K86: =IFERROR(INDEX('12_字段字典'!$D:$D,MATCH($B86,'12_字段字典'!$B:$B,0)),"") | L86: =IFERROR(INDEX('12_字段字典'!$E:$E,MATCH($B86,'12_字段字典'!$B:$B,0)),"") | M86: =IFERROR(INDEX('12_字段字典'!$F:$F,MATCH($B86,'12_字段字典'!$B:$B,0)),"") | N86: =IFERROR(INDEX('12_字段字典'!$G:$G,MATCH($B86,'12_字段字典'!$B:$B,0)),"") | O86: =IFERROR(INDEX('12_字段字典'!$H:$H,MATCH($B86,'12_字段字典'!$B:$B,0)),"") | P86: =IFERROR(INDEX('12_字段字典'!$I:$I,MATCH($B86,'12_字段字典'!$B:$B,0)),"") | Q86: =IFERROR(INDEX('12_字段字典'!$J:$J,MATCH($B86,'12_字段字典'!$B:$B,0)),"") | R86: =IFERROR(INDEX('12_字段字典'!$K:$K,MATCH($B86,'12_字段字典'!$B:$B,0)),"") | S86: =IFERROR(INDEX('12_字段字典'!$L:$L,MATCH($B86,'12_字段字典'!$B:$B,0)),"") | T86: =IFERROR(INDEX('12_字段字典'!$M:$M,MATCH($B86,'12_字段字典'!$B:$B,0)),"")
A87: H. CBAM 影子输入 | B87: upstream_reporting_period | C87: 上游材料报告期 | D87: upstream reporting period | E87: 文本 | F87: 2025Q4 | G87: 2025Q4 | H87: 最好与产品报告期对齐 | I87: 供应商报告期记录 | J87: CBAM | K87: =IFERROR(INDEX('12_字段字典'!$D:$D,MATCH($B87,'12_字段字典'!$B:$B,0)),"") | L87: =IFERROR(INDEX('12_字段字典'!$E:$E,MATCH($B87,'12_字段字典'!$B:$B,0)),"") | M87: =IFERROR(INDEX('12_字段字典'!$F:$F,MATCH($B87,'12_字段字典'!$B:$B,0)),"") | N87: =IFERROR(INDEX('12_字段字典'!$G:$G,MATCH($B87,'12_字段字典'!$B:$B,0)),"") | O87: =IFERROR(INDEX('12_字段字典'!$H:$H,MATCH($B87,'12_字段字典'!$B:$B,0)),"") | P87: =IFERROR(INDEX('12_字段字典'!$I:$I,MATCH($B87,'12_字段字典'!$B:$B,0)),"") | Q87: =IFERROR(INDEX('12_字段字典'!$J:$J,MATCH($B87,'12_字段字典'!$B:$B,0)),"") | R87: =IFERROR(INDEX('12_字段字典'!$K:$K,MATCH($B87,'12_字段字典'!$B:$B,0)),"") | S87: =IFERROR(INDEX('12_字段字典'!$L:$L,MATCH($B87,'12_字段字典'!$B:$B,0)),"") | T87: =IFERROR(INDEX('12_字段字典'!$M:$M,MATCH($B87,'12_字段字典'!$B:$B,0)),"")
A88: H. CBAM 影子输入 | B88: aluminium_verifier_status | C88: 铝材核验状态 | D88: aluminium verifier status | E88: 文本 | F88: 已核验 | G88: 已核验 | H88: 体现 verifier discipline | I88: 供应商核验报告 | J88: CBAM | K88: =IFERROR(INDEX('12_字段字典'!$D:$D,MATCH($B88,'12_字段字典'!$B:$B,0)),"") | L88: =IFERROR(INDEX('12_字段字典'!$E:$E,MATCH($B88,'12_字段字典'!$B:$B,0)),"") | M88: =IFERROR(INDEX('12_字段字典'!$F:$F,MATCH($B88,'12_字段字典'!$B:$B,0)),"") | N88: =IFERROR(INDEX('12_字段字典'!$G:$G,MATCH($B88,'12_字段字典'!$B:$B,0)),"") | O88: =IFERROR(INDEX('12_字段字典'!$H:$H,MATCH($B88,'12_字段字典'!$B:$B,0)),"") | P88: =IFERROR(INDEX('12_字段字典'!$I:$I,MATCH($B88,'12_字段字典'!$B:$B,0)),"") | Q88: =IFERROR(INDEX('12_字段字典'!$J:$J,MATCH($B88,'12_字段字典'!$B:$B,0)),"") | R88: =IFERROR(INDEX('12_字段字典'!$K:$K,MATCH($B88,'12_字段字典'!$B:$B,0)),"") | S88: =IFERROR(INDEX('12_字段字典'!$L:$L,MATCH($B88,'12_字段字典'!$B:$B,0)),"") | T88: =IFERROR(INDEX('12_字段字典'!$M:$M,MATCH($B88,'12_字段字典'!$B:$B,0)),"")
A89: H. CBAM 影子输入 | B89: steel_verifier_status | C89: 钢材核验状态 | D89: steel verifier status | E89: 文本 | F89: 已核验 | G89: 已核验 | H89: 体现 verifier discipline | I89: 供应商核验报告 | J89: CBAM | K89: =IFERROR(INDEX('12_字段字典'!$D:$D,MATCH($B89,'12_字段字典'!$B:$B,0)),"") | L89: =IFERROR(INDEX('12_字段字典'!$E:$E,MATCH($B89,'12_字段字典'!$B:$B,0)),"") | M89: =IFERROR(INDEX('12_字段字典'!$F:$F,MATCH($B89,'12_字段字典'!$B:$B,0)),"") | N89: =IFERROR(INDEX('12_字段字典'!$G:$G,MATCH($B89,'12_字段字典'!$B:$B,0)),"") | O89: =IFERROR(INDEX('12_字段字典'!$H:$H,MATCH($B89,'12_字段字典'!$B:$B,0)),"") | P89: =IFERROR(INDEX('12_字段字典'!$I:$I,MATCH($B89,'12_字段字典'!$B:$B,0)),"") | Q89: =IFERROR(INDEX('12_字段字典'!$J:$J,MATCH($B89,'12_字段字典'!$B:$B,0)),"") | R89: =IFERROR(INDEX('12_字段字典'!$K:$K,MATCH($B89,'12_字段字典'!$B:$B,0)),"") | S89: =IFERROR(INDEX('12_字段字典'!$L:$L,MATCH($B89,'12_字段字典'!$B:$B,0)),"") | T89: =IFERROR(INDEX('12_字段字典'!$M:$M,MATCH($B89,'12_字段字典'!$B:$B,0)),"")

Sheet 02_欧盟电池法输出
A1: 02_欧盟电池法输出（全部自动公式）
A2: 说明：本 Sheet 不允许手动输入，只展示系统自动生成的结果。
A3: 模块 | B3: 输出字段 | C3: 单位 | D3: 自动输出值 | E3: 证据状态 | F3: 核验层级 | G3: 访问层级 | H3: 当前状态
A4: 基本信息 | B4: 制造商名称 | C4: 文本 | D4: =IFERROR(INDEX('09_EU中间表'!$D:$D,MATCH(B4,'09_EU中间表'!$B:$B,0)),"") | E4: =IFERROR(INDEX('05_证据映射过程'!$E:$E,MATCH(B4,'05_证据映射过程'!$B:$B,0)),"不适用/默认") | F4: =IFERROR(INDEX('06_核验映射过程'!$D:$D,MATCH(B4,'06_核验映射过程'!$B:$B,0)),"默认") | G4: =IFERROR(INDEX('07_权限映射过程'!$D:$D,MATCH(B4,'07_权限映射过程'!$B:$B,0)),"默认") | H4: =IF(D4="","待生成","已生成")
A5: 基本信息 | B5: 产品名称 | C5: 文本 | D5: =IFERROR(INDEX('09_EU中间表'!$D:$D,MATCH(B5,'09_EU中间表'!$B:$B,0)),"") | E5: =IFERROR(INDEX('05_证据映射过程'!$E:$E,MATCH(B5,'05_证据映射过程'!$B:$B,0)),"不适用/默认") | F5: =IFERROR(INDEX('06_核验映射过程'!$D:$D,MATCH(B5,'06_核验映射过程'!$B:$B,0)),"默认") | G5: =IFERROR(INDEX('07_权限映射过程'!$D:$D,MATCH(B5,'07_权限映射过程'!$B:$B,0)),"默认") | H5: =IF(D5="","待生成","已生成")
A6: 基本信息 | B6: 电池型号 | C6: 文本 | D6: =IFERROR(INDEX('09_EU中间表'!$D:$D,MATCH(B6,'09_EU中间表'!$B:$B,0)),"") | E6: =IFERROR(INDEX('05_证据映射过程'!$E:$E,MATCH(B6,'05_证据映射过程'!$B:$B,0)),"不适用/默认") | F6: =IFERROR(INDEX('06_核验映射过程'!$D:$D,MATCH(B6,'06_核验映射过程'!$B:$B,0)),"默认") | G6: =IFERROR(INDEX('07_权限映射过程'!$D:$D,MATCH(B6,'07_权限映射过程'!$B:$B,0)),"默认") | H6: =IF(D6="","待生成","已生成")
A7: 基本信息 | B7: 产品类别 | C7: 文本 | D7: =IFERROR(INDEX('09_EU中间表'!$D:$D,MATCH(B7,'09_EU中间表'!$B:$B,0)),"") | E7: =IFERROR(INDEX('05_证据映射过程'!$E:$E,MATCH(B7,'05_证据映射过程'!$B:$B,0)),"不适用/默认") | F7: =IFERROR(INDEX('06_核验映射过程'!$D:$D,MATCH(B7,'06_核验映射过程'!$B:$B,0)),"默认") | G7: =IFERROR(INDEX('07_权限映射过程'!$D:$D,MATCH(B7,'07_权限映射过程'!$B:$B,0)),"默认") | H7: =IF(D7="","待生成","已生成")
A8: 基本信息 | B8: 化学体系 | C8: 文本 | D8: =IFERROR(INDEX('09_EU中间表'!$D:$D,MATCH(B8,'09_EU中间表'!$B:$B,0)),"") | E8: =IFERROR(INDEX('05_证据映射过程'!$E:$E,MATCH(B8,'05_证据映射过程'!$B:$B,0)),"不适用/默认") | F8: =IFERROR(INDEX('06_核验映射过程'!$D:$D,MATCH(B8,'06_核验映射过程'!$B:$B,0)),"默认") | G8: =IFERROR(INDEX('07_权限映射过程'!$D:$D,MATCH(B8,'07_权限映射过程'!$B:$B,0)),"默认") | H8: =IF(D8="","待生成","已生成")
A9: 基本信息 | B9: 制造工厂代码 | C9: 文本 | D9: =IFERROR(INDEX('09_EU中间表'!$D:$D,MATCH(B9,'09_EU中间表'!$B:$B,0)),"") | E9: =IFERROR(INDEX('05_证据映射过程'!$E:$E,MATCH(B9,'05_证据映射过程'!$B:$B,0)),"不适用/默认") | F9: =IFERROR(INDEX('06_核验映射过程'!$D:$D,MATCH(B9,'06_核验映射过程'!$B:$B,0)),"默认") | G9: =IFERROR(INDEX('07_权限映射过程'!$D:$D,MATCH(B9,'07_权限映射过程'!$B:$B,0)),"默认") | H9: =IF(D9="","待生成","已生成")
A10: 基本信息 | B10: 制造工厂名称 | C10: 文本 | D10: =IFERROR(INDEX('09_EU中间表'!$D:$D,MATCH(B10,'09_EU中间表'!$B:$B,0)),"") | E10: =IFERROR(INDEX('05_证据映射过程'!$E:$E,MATCH(B10,'05_证据映射过程'!$B:$B,0)),"不适用/默认") | F10: =IFERROR(INDEX('06_核验映射过程'!$D:$D,MATCH(B10,'06_核验映射过程'!$B:$B,0)),"默认") | G10: =IFERROR(INDEX('07_权限映射过程'!$D:$D,MATCH(B10,'07_权限映射过程'!$B:$B,0)),"默认") | H10: =IF(D10="","待生成","已生成")
A11: 基本信息 | B11: 报告期 | C11: 文本 | D11: =IFERROR(INDEX('09_EU中间表'!$D:$D,MATCH(B11,'09_EU中间表'!$B:$B,0)),"") | E11: =IFERROR(INDEX('05_证据映射过程'!$E:$E,MATCH(B11,'05_证据映射过程'!$B:$B,0)),"不适用/默认") | F11: =IFERROR(INDEX('06_核验映射过程'!$D:$D,MATCH(B11,'06_核验映射过程'!$B:$B,0)),"默认") | G11: =IFERROR(INDEX('07_权限映射过程'!$D:$D,MATCH(B11,'07_权限映射过程'!$B:$B,0)),"默认") | H11: =IF(D11="","待生成","已生成")
A12: 产品参数 | B12: 申报单元申报单元额定容量(kWh) | C12: kWh | D12: =IFERROR(INDEX('09_EU中间表'!$D:$D,MATCH(B12,'09_EU中间表'!$B:$B,0)),"") | E12: =IFERROR(INDEX('05_证据映射过程'!$E:$E,MATCH(B12,'05_证据映射过程'!$B:$B,0)),"不适用/默认") | F12: =IFERROR(INDEX('06_核验映射过程'!$D:$D,MATCH(B12,'06_核验映射过程'!$B:$B,0)),"默认") | G12: =IFERROR(INDEX('07_权限映射过程'!$D:$D,MATCH(B12,'07_权限映射过程'!$B:$B,0)),"默认") | H12: =IF(D12="","待生成","已生成")
A13: 产品参数 | B13: 标称电压(V) | C13: V | D13: =IFERROR(INDEX('09_EU中间表'!$D:$D,MATCH(B13,'09_EU中间表'!$B:$B,0)),"") | E13: =IFERROR(INDEX('05_证据映射过程'!$E:$E,MATCH(B13,'05_证据映射过程'!$B:$B,0)),"不适用/默认") | F13: =IFERROR(INDEX('06_核验映射过程'!$D:$D,MATCH(B13,'06_核验映射过程'!$B:$B,0)),"默认") | G13: =IFERROR(INDEX('07_权限映射过程'!$D:$D,MATCH(B13,'07_权限映射过程'!$B:$B,0)),"默认") | H13: =IF(D13="","待生成","已生成")
A14: 产品参数 | B14: 循环寿命(cycles) | C14: cycles | D14: =IFERROR(INDEX('09_EU中间表'!$D:$D,MATCH(B14,'09_EU中间表'!$B:$B,0)),"") | E14: =IFERROR(INDEX('05_证据映射过程'!$E:$E,MATCH(B14,'05_证据映射过程'!$B:$B,0)),"不适用/默认") | F14: =IFERROR(INDEX('06_核验映射过程'!$D:$D,MATCH(B14,'06_核验映射过程'!$B:$B,0)),"默认") | G14: =IFERROR(INDEX('07_权限映射过程'!$D:$D,MATCH(B14,'07_权限映射过程'!$B:$B,0)),"默认") | H14: =IF(D14="","待生成","已生成")
A15: 碳足迹 | B15: 声明总碳足迹(kgCO2e/申报单元) | C15: kgCO2e/declared unit | D15: =IFERROR(INDEX('09_EU中间表'!$D:$D,MATCH(B15,'09_EU中间表'!$B:$B,0)),"") | E15: =IFERROR(INDEX('05_证据映射过程'!$E:$E,MATCH(B15,'05_证据映射过程'!$B:$B,0)),"不适用/默认") | F15: =IFERROR(INDEX('06_核验映射过程'!$D:$D,MATCH(B15,'06_核验映射过程'!$B:$B,0)),"默认") | G15: =IFERROR(INDEX('07_权限映射过程'!$D:$D,MATCH(B15,'07_权限映射过程'!$B:$B,0)),"默认") | H15: =IF(D15="","待生成","已生成")
... A34: 综合状态 | B34: EU 输出结论 | C34: 文本 | D34: =IFERROR(INDEX('09_EU中间表'!$D:$D,MATCH(B34,'09_EU中间表'!$B:$B,0)),"") | E34: =IFERROR(INDEX('05_证据映射过程'!$E:$E,MATCH(B34,'05_证据映射过程'!$B:$B,0)),"不适用/默认") | F34: =IFERROR(INDEX('06_核验映射过程'!$D:$D,MATCH(B34,'06_核验映射过程'!$B:$B,0)),"默认") | G34: =IFERROR(INDEX('07_权限映射过程'!$D:$D,MATCH(B34,'07_权限映射过程'!$B:$B,0)),"默认") | H34: =IF(D34="","待生成","已生成")

Sheet 03_CBAM输出
A1: 03_CBAM输出（全部自动公式）
A2: 说明：本 Sheet 不允许手动输入，只展示系统自动生成的结果。
A3: 模块 | B3: 输出字段 | C3: 单位 | D3: 自动输出值 | E3: 证据状态 | F3: 核验层级 | G3: 访问层级 | H3: 当前状态
A4: 基础锚点 | B4: 电池型号 | C4: 文本 | D4: =IFERROR(INDEX('10_CBAM中间表'!$D:$D,MATCH(B4,'10_CBAM中间表'!$B:$B,0)),"") | E4: =IFERROR(INDEX('05_证据映射过程'!$E:$E,MATCH(B4,'05_证据映射过程'!$B:$B,0)),"不适用/默认") | F4: =IFERROR(INDEX('06_核验映射过程'!$D:$D,MATCH(B4,'06_核验映射过程'!$B:$B,0)),"默认") | G4: =IFERROR(INDEX('07_权限映射过程'!$D:$D,MATCH(B4,'07_权限映射过程'!$B:$B,0)),"默认") | H4: =IF(D4="","待生成","已生成")
A5: 基础锚点 | B5: 产品报告期 | C5: 文本 | D5: =IFERROR(INDEX('10_CBAM中间表'!$D:$D,MATCH(B5,'10_CBAM中间表'!$B:$B,0)),"") | E5: =IFERROR(INDEX('05_证据映射过程'!$E:$E,MATCH(B5,'05_证据映射过程'!$B:$B,0)),"不适用/默认") | F5: =IFERROR(INDEX('06_核验映射过程'!$D:$D,MATCH(B5,'06_核验映射过程'!$B:$B,0)),"默认") | G5: =IFERROR(INDEX('07_权限映射过程'!$D:$D,MATCH(B5,'07_权限映射过程'!$B:$B,0)),"默认") | H5: =IF(D5="","待生成","已生成")
A6: 基础锚点 | B6: 上游材料报告期 | C6: 文本 | D6: =IFERROR(INDEX('10_CBAM中间表'!$D:$D,MATCH(B6,'10_CBAM中间表'!$B:$B,0)),"") | E6: =IFERROR(INDEX('05_证据映射过程'!$E:$E,MATCH(B6,'05_证据映射过程'!$B:$B,0)),"不适用/默认") | F6: =IFERROR(INDEX('06_核验映射过程'!$D:$D,MATCH(B6,'06_核验映射过程'!$B:$B,0)),"默认") | G6: =IFERROR(INDEX('07_权限映射过程'!$D:$D,MATCH(B6,'07_权限映射过程'!$B:$B,0)),"默认") | H6: =IF(D6="","待生成","已生成")
A7: 铝材模块 | B7: 铝材供应商安装点 ID | C7: 文本 | D7: =IFERROR(INDEX('10_CBAM中间表'!$D:$D,MATCH(B7,'10_CBAM中间表'!$B:$B,0)),"") | E7: =IFERROR(INDEX('05_证据映射过程'!$E:$E,MATCH(B7,'05_证据映射过程'!$B:$B,0)),"不适用/默认") | F7: =IFERROR(INDEX('06_核验映射过程'!$D:$D,MATCH(B7,'06_核验映射过程'!$B:$B,0)),"默认") | G7: =IFERROR(INDEX('07_权限映射过程'!$D:$D,MATCH(B7,'07_权限映射过程'!$B:$B,0)),"默认") | H7: =IF(D7="","待生成","已生成")
A8: 铝材模块 | B8: 铝材质量(kg) | C8: kg | D8: =IFERROR(INDEX('10_CBAM中间表'!$D:$D,MATCH(B8,'10_CBAM中间表'!$B:$B,0)),"") | E8: =IFERROR(INDEX('05_证据映射过程'!$E:$E,MATCH(B8,'05_证据映射过程'!$B:$B,0)),"不适用/默认") | F8: =IFERROR(INDEX('06_核验映射过程'!$D:$D,MATCH(B8,'06_核验映射过程'!$B:$B,0)),"默认") | G8: =IFERROR(INDEX('07_权限映射过程'!$D:$D,MATCH(B8,'07_权限映射过程'!$B:$B,0)),"默认") | H8: =IF(D8="","待生成","已生成")
A9: 铝材模块 | B9: 铝材直接排放因子(kgCO2e/kg) | C9: kgCO2e/kg | D9: =IFERROR(INDEX('10_CBAM中间表'!$D:$D,MATCH(B9,'10_CBAM中间表'!$B:$B,0)),"") | E9: =IFERROR(INDEX('05_证据映射过程'!$E:$E,MATCH(B9,'05_证据映射过程'!$B:$B,0)),"不适用/默认") | F9: =IFERROR(INDEX('06_核验映射过程'!$D:$D,MATCH(B9,'06_核验映射过程'!$B:$B,0)),"默认") | G9: =IFERROR(INDEX('07_权限映射过程'!$D:$D,MATCH(B9,'07_权限映射过程'!$B:$B,0)),"默认") | H9: =IF(D9="","待生成","已生成")
A10: 铝材模块 | B10: 铝材间接排放因子(kgCO2e/kg) | C10: kgCO2e/kg | D10: =IFERROR(INDEX('10_CBAM中间表'!$D:$D,MATCH(B10,'10_CBAM中间表'!$B:$B,0)),"") | E10: =IFERROR(INDEX('05_证据映射过程'!$E:$E,MATCH(B10,'05_证据映射过程'!$B:$B,0)),"不适用/默认") | F10: =IFERROR(INDEX('06_核验映射过程'!$D:$D,MATCH(B10,'06_核验映射过程'!$B:$B,0)),"默认") | G10: =IFERROR(INDEX('07_权限映射过程'!$D:$D,MATCH(B10,'07_权限映射过程'!$B:$B,0)),"默认") | H10: =IF(D10="","待生成","已生成")
A11: 铝材模块 | B11: 铝材总嵌入排放(kgCO2e/申报单元) | C11: kgCO2e/declared unit | D11: =IFERROR(INDEX('10_CBAM中间表'!$D:$D,MATCH(B11,'10_CBAM中间表'!$B:$B,0)),"") | E11: =IFERROR(INDEX('05_证据映射过程'!$E:$E,MATCH(B11,'05_证据映射过程'!$B:$B,0)),"不适用/默认") | F11: =IFERROR(INDEX('06_核验映射过程'!$D:$D,MATCH(B11,'06_核验映射过程'!$B:$B,0)),"默认") | G11: =IFERROR(INDEX('07_权限映射过程'!$D:$D,MATCH(B11,'07_权限映射过程'!$B:$B,0)),"默认") | H11: =IF(D11="","待生成","已生成")
A12: 铝材模块 | B12: 铝材核验状态 | C12: 文本 | D12: =IFERROR(INDEX('10_CBAM中间表'!$D:$D,MATCH(B12,'10_CBAM中间表'!$B:$B,0)),"") | E12: =IFERROR(INDEX('05_证据映射过程'!$E:$E,MATCH(B12,'05_证据映射过程'!$B:$B,0)),"不适用/默认") | F12: =IFERROR(INDEX('06_核验映射过程'!$D:$D,MATCH(B12,'06_核验映射过程'!$B:$B,0)),"默认") | G12: =IFERROR(INDEX('07_权限映射过程'!$D:$D,MATCH(B12,'07_权限映射过程'!$B:$B,0)),"默认") | H12: =IF(D12="","待生成","已生成")
A13: 钢材模块 | B13: 钢材供应商安装点 ID | C13: 文本 | D13: =IFERROR(INDEX('10_CBAM中间表'!$D:$D,MATCH(B13,'10_CBAM中间表'!$B:$B,0)),"") | E13: =IFERROR(INDEX('05_证据映射过程'!$E:$E,MATCH(B13,'05_证据映射过程'!$B:$B,0)),"不适用/默认") | F13: =IFERROR(INDEX('06_核验映射过程'!$D:$D,MATCH(B13,'06_核验映射过程'!$B:$B,0)),"默认") | G13: =IFERROR(INDEX('07_权限映射过程'!$D:$D,MATCH(B13,'07_权限映射过程'!$B:$B,0)),"默认") | H13: =IF(D13="","待生成","已生成")
A14: 钢材模块 | B14: 钢材质量(kg) | C14: kg | D14: =IFERROR(INDEX('10_CBAM中间表'!$D:$D,MATCH(B14,'10_CBAM中间表'!$B:$B,0)),"") | E14: =IFERROR(INDEX('05_证据映射过程'!$E:$E,MATCH(B14,'05_证据映射过程'!$B:$B,0)),"不适用/默认") | F14: =IFERROR(INDEX('06_核验映射过程'!$D:$D,MATCH(B14,'06_核验映射过程'!$B:$B,0)),"默认") | G14: =IFERROR(INDEX('07_权限映射过程'!$D:$D,MATCH(B14,'07_权限映射过程'!$B:$B,0)),"默认") | H14: =IF(D14="","待生成","已生成")
A15: 钢材模块 | B15: 钢材直接排放因子(kgCO2e/kg) | C15: kgCO2e/kg | D15: =IFERROR(INDEX('10_CBAM中间表'!$D:$D,MATCH(B15,'10_CBAM中间表'!$B:$B,0)),"") | E15: =IFERROR(INDEX('05_证据映射过程'!$E:$E,MATCH(B15,'05_证据映射过程'!$B:$B,0)),"不适用/默认") | F15: =IFERROR(INDEX('06_核验映射过程'!$D:$D,MATCH(B15,'06_核验映射过程'!$B:$B,0)),"默认") | G15: =IFERROR(INDEX('07_权限映射过程'!$D:$D,MATCH(B15,'07_权限映射过程'!$B:$B,0)),"默认") | H15: =IF(D15="","待生成","已生成")
... A23: 综合状态 | B23: CBAM 兼容输出结论 | C23: 文本 | D23: =IFERROR(INDEX('10_CBAM中间表'!$D:$D,MATCH(B23,'10_CBAM中间表'!$B:$B,0)),"") | E23: =IFERROR(INDEX('05_证据映射过程'!$E:$E,MATCH(B23,'05_证据映射过程'!$B:$B,0)),"不适用/默认") | F23: =IFERROR(INDEX('06_核验映射过程'!$D:$D,MATCH(B23,'06_核验映射过程'!$B:$B,0)),"默认") | G23: =IFERROR(INDEX('07_权限映射过程'!$D:$D,MATCH(B23,'07_权限映射过程'!$B:$B,0)),"默认") | H23: =IF(D23="","待生成","已生成")

Sheet 04_字段映射过程
A1: 字段映射：从 CATL 输入到 EU / CBAM 输出
A3: 映射层 | B3: 目标字段 | C3: 输入字段代码 | D3: 输入当前值 | E3: 目标制度 | F3: 转换方式 | G3: 转换后结果预览 | H3: 是否关键
A4: 字段映射 | B4: 制造商名称 | C4: manufacturer_name | D4: =INDEX('01_手动输入'!$G:$G,MATCH("manufacturer_name",'01_手动输入'!$B:$B,0)) | E4: EU | F4: 直接映射 | G4: =INDEX('01_手动输入'!$G:$G,MATCH("manufacturer_name",'01_手动输入'!$B:$B,0)) | H4: 是
A5: 字段映射 | B5: 电池型号 | C5: model_code | D5: =INDEX('01_手动输入'!$G:$G,MATCH("model_code",'01_手动输入'!$B:$B,0)) | E5: EU+CBAM | F5: 直接映射 | G5: =INDEX('01_手动输入'!$G:$G,MATCH("model_code",'01_手动输入'!$B:$B,0)) | H5: 是
A6: 字段映射 | B6: 制造工厂代码 | C6: plant_code | D6: =INDEX('01_手动输入'!$G:$G,MATCH("plant_code",'01_手动输入'!$B:$B,0)) | E6: EU+CBAM | F6: 直接映射 | G6: =INDEX('01_手动输入'!$G:$G,MATCH("plant_code",'01_手动输入'!$B:$B,0)) | H6: 是
A7: 字段映射 | B7: 报告期 | C7: reporting_period | D7: =INDEX('01_手动输入'!$G:$G,MATCH("reporting_period",'01_手动输入'!$B:$B,0)) | E7: EU+CBAM | F7: 公司周期转产品周期 | G7: =INDEX('01_手动输入'!$G:$G,MATCH("reporting_period",'01_手动输入'!$B:$B,0)) | H7: 是
A8: 字段映射 | B8: 声明总碳足迹(kgCO2e/kWh) | C8: pack_capacity_kwh | D8: =INDEX('01_手动输入'!$G:$G,MATCH("pack_capacity_kwh",'01_手动输入'!$B:$B,0)) | E8: EU | F8: 生命周期计算后输出 | G8: 48.971631 | H8: 是
A9: 字段映射 | B9: 原材料阶段(kgCO2e/kWh) | C9: cathode_mass_kg | D9: 140 | E9: EU | F9: 材料质量 x 材料因子 | G9: 44.236111 | H9: 是
A10: 字段映射 | B10: 制造阶段(kgCO2e/kWh) | C10: grid_electricity_kwh | D10: 450 | E10: EU | F10: 能耗 + 工艺排放 + 良率调整 | G10: 4.3605201 | H10: 是
A11: 字段映射 | B11: 再生锂占比 | C11: recycled_lithium_pct | D11: 0.08 | E11: EU | F11: 直接映射 | G11: 0.08 | H11: 是
A12: 字段映射 | B12: 供应链追溯覆盖率 | C12: supplier_traceability_coverage_pct | D12: 0.92 | E12: EU | F12: 直接映射 | G12: 0.92 | H12: 是
A13: 字段映射 | B13: 铝材总嵌入排放(kgCO2e/申报单元) | C13: aluminium_mass_kg | D13: 80 | E13: CBAM | F13: 铝材质量 x (直接+间接因子) | G13: 1120 | H13: 是
A14: 字段映射 | B14: 钢材总嵌入排放(kgCO2e/申报单元) | C14: steel_mass_kg | D14: 30 | E14: CBAM | F14: 钢材质量 x (直接+间接因子) | G14: 81 | H14: 是
A15: 字段映射 | B15: 覆盖材料总嵌入排放(kgCO2e/申报单元) | C15: supplier_pcf_coverage_pct | D15: 0.76 | E15: CBAM | F15: 铝材 + 钢材汇总 | G15: 1201 | H15: 是
A16: 字段映射 | B16: 分层访问矩阵 | C16: access_matrix_status | D16: 齐备 | E16: EU+CBAM | F16: 控制结果可见范围 | G16: 齐备 | H16: 是

Sheet 05_证据映射过程
A1: 证据映射：每个输出字段背后需要什么证据
A3: 目标制度 | B3: 目标字段 | C3: 主要证据 | D3: 触发逻辑 | E3: 证据状态
A4: EU | B4: 制造商名称 | C4: 营业执照 / 年报 / 主体主数据 | D4: 有主体名称即通过 | E4: =IF(INDEX('01_手动输入'!$G:$G,MATCH("manufacturer_name",'01_手动输入'!$B:$B,0))<>"","证据齐备","待补证据")
A5: EU | B5: 产品名称 | C5: 产品主数据 / 型号注册表 | D5: 有产品名即通过 | E5: =IF(INDEX('01_手动输入'!$G:$G,MATCH("product_name",'01_手动输入'!$B:$B,0))<>"","证据齐备","待补证据")
A6: EU | B6: 电池型号 | C6: 型号注册表 / 产品主数据 | D6: 有型号即通过 | E6: =IF(INDEX('01_手动输入'!$G:$G,MATCH("model_code",'01_手动输入'!$B:$B,0))<>"","证据齐备","待补证据")
A7: EU | B7: 产品类别 | C7: 技术规格书 / 产品主数据 | D7: 有类别即通过 | E7: =IF(INDEX('01_手动输入'!$G:$G,MATCH("battery_category",'01_手动输入'!$B:$B,0))<>"","证据齐备","待补证据")
A8: EU | B8: 化学体系 | C8: 规格书 / BOM | D8: 有化学体系即通过 | E8: =IF(INDEX('01_手动输入'!$G:$G,MATCH("chemistry",'01_手动输入'!$B:$B,0))<>"","证据齐备","待补证据")
A9: EU | B9: 制造工厂代码 | C9: 工厂注册表 / 生产登记 | D9: 有工厂代码即通过 | E9: =IF(INDEX('01_手动输入'!$G:$G,MATCH("plant_code",'01_手动输入'!$B:$B,0))<>"","证据齐备","待补证据")
A10: EU | B10: 制造工厂名称 | C10: 工厂主数据 | D10: 有工厂名即通过 | E10: =IF(INDEX('01_手动输入'!$G:$G,MATCH("plant_name",'01_手动输入'!$B:$B,0))<>"","证据齐备","待补证据")
A11: EU | B11: 报告期 | C11: 产品报告期规则 / 排产记录 | D11: 有报告期即通过 | E11: =IF(INDEX('01_手动输入'!$G:$G,MATCH("reporting_period",'01_手动输入'!$B:$B,0))<>"","证据齐备","待补证据")
A12: EU | B12: 申报单元申报单元额定容量(kWh) | C12: 规格书 / 测试报告 | D12: 容量>0 | E12: =IF(AND(INDEX('01_手动输入'!$G:$G,MATCH("pack_capacity_kwh",'01_手动输入'!$B:$B,0))>0,INDEX('01_手动输入'!$G:$G,MATCH("test_report_status",'01_手动输入'!$B:$B,0))="齐备"),"证据齐备","待补证据")
A13: EU | B13: 标称电压(V) | C13: 规格书 / 测试报告 | D13: 电压>0 | E13: =IF(AND(INDEX('01_手动输入'!$G:$G,MATCH("nominal_voltage_v",'01_手动输入'!$B:$B,0))>0,INDEX('01_手动输入'!$G:$G,MATCH("test_report_status",'01_手动输入'!$B:$B,0))="齐备"),"证据齐备","待补证据")
A14: EU | B14: 循环寿命(cycles) | C14: 测试报告 | D14: 循环寿命>0 | E14: =IF(AND(INDEX('01_手动输入'!$G:$G,MATCH("cycle_life_cycles",'01_手动输入'!$B:$B,0))>0,INDEX('01_手动输入'!$G:$G,MATCH("test_report_status",'01_手动输入'!$B:$B,0))="齐备"),"证据齐备","待补证据")
A15: EU | B15: 声明总碳足迹(kgCO2e/申报单元) | C15: PCF 底稿 / BOM / 能耗 / 运输 / 回收数据 | D15: PCF 底稿齐备 | E15: =IF(INDEX('01_手动输入'!$G:$G,MATCH("pcf_study_status",'01_手动输入'!$B:$B,0))="齐备","证据齐备","待补证据")
A16: EU | B16: 声明总碳足迹(kgCO2e/kWh) | C16: PCF 底稿 / 容量数据 | D16: PCF 底稿齐备且容量>0 | E16: =IF(AND(INDEX('01_手动输入'!$G:$G,MATCH("pcf_study_status",'01_手动输入'!$B:$B,0))="齐备",INDEX('01_手动输入'!$G:$G,MATCH("pack_capacity_kwh",'01_手动输入'!$B:$B,0))>0),"证据齐备","待补证据")
A17: EU | B17: 原材料阶段(kgCO2e/kWh) | C17: BOM / 供应商PCF / 因子库 | D17: 材料量和因子齐备 | E17: =IF(AND(INDEX('01_手动输入'!$G:$G,MATCH("supplier_pcf_coverage_pct",'01_手动输入'!$B:$B,0))>=0.75,INDEX('01_手动输入'!$G:$G,MATCH("cathode_mass_kg",'01_手动输入'!$B:$B,0))>=0),"证据齐备","部分齐备")
A18: EU | B18: 制造阶段(kgCO2e/kWh) | C18: 电表 / 蒸汽 / 燃气 / 工艺排放记录 | D18: 工厂级能耗记录齐备 | E18: =IF(AND(INDEX('01_手动输入'!$G:$G,MATCH("grid_electricity_kwh",'01_手动输入'!$B:$B,0))>=0,INDEX('01_手动输入'!$G:$G,MATCH("steam_mj",'01_手动输入'!$B:$B,0))>=0,INDEX('01_手动输入'!$G:$G,MATCH("natural_gas_mj",'01_手动输入'!$B:$B,0))>=0),"证据齐备","待补证据")
A19: EU | B19: 运输阶段(kgCO2e/kWh) | C19: 物流记录 / 路线清单 | D19: 上下游运输数据齐备 | E19: =IF(AND(INDEX('01_手动输入'!$G:$G,MATCH("inbound_transport_kgco2",'01_手动输入'!$B:$B,0))<>"",INDEX('01_手动输入'!$G:$G,MATCH("outbound_transport_kgco2",'01_手动输入'!$B:$B,0))<>""),"证据齐备","待补证据")
A20: EU | B20: 终端回收阶段(kgCO2e/kWh) | C20: 回收方案 / 方法学说明 | D20: 回收信用值已声明 | E20: =IF(INDEX('01_手动输入'!$G:$G,MATCH("end_of_life_credit_kgco2",'01_手动输入'!$B:$B,0))<>"","证据齐备","待补证据")
A21: EU | B21: 再生锂占比 | C21: 质量平衡 / 供应商声明 | D21: 再生锂字段已填 | E21: =IF(INDEX('01_手动输入'!$G:$G,MATCH("recycled_lithium_pct",'01_手动输入'!$B:$B,0))>=0,"证据齐备","待补证据")
A22: EU | B22: 再生钴占比 | C22: 质量平衡 / 供应商声明 | D22: 即使为0也应有说明 | E22: =IF(INDEX('01_手动输入'!$G:$G,MATCH("recycled_cobalt_pct",'01_手动输入'!$B:$B,0))>=0,"证据齐备","待补证据")
A23: EU | B23: 再生镍占比 | C23: 质量平衡 / 供应商声明 | D23: 即使为0也应有说明 | E23: =IF(INDEX('01_手动输入'!$G:$G,MATCH("recycled_nickel_pct",'01_手动输入'!$B:$B,0))>=0,"证据齐备","待补证据")
A24: EU | B24: 再生铅占比 | C24: 质量平衡 / 供应商声明 | D24: 即使为0也应有说明 | E24: =IF(INDEX('01_手动输入'!$G:$G,MATCH("recycled_lead_pct",'01_手动输入'!$B:$B,0))>=0,"证据齐备","待补证据")
A25: EU | B25: 尽调政策链接 | C25: 官网政策 / 尽调制度文件 | D25: 有链接即可 | E25: =IF(INDEX('01_手动输入'!$G:$G,MATCH("due_diligence_policy_url",'01_手动输入'!$B:$B,0))<>"","证据齐备","待补证据")
A26: EU | B26: 关键原材料追溯范围 | C26: BOM / 追溯台账 | D26: 有追溯范围描述即可 | E26: =IF(INDEX('01_手动输入'!$G:$G,MATCH("critical_material_scope",'01_手动输入'!$B:$B,0))<>"","证据齐备","待补证据")
A27: EU | B27: 供应链追溯覆盖率 | C27: 追溯台账 / 供应商清单 | D27: 覆盖率>=0.9为强 | E27: =IF(INDEX('01_手动输入'!$G:$G,MATCH("supplier_traceability_coverage_pct",'01_手动输入'!$B:$B,0))>=0.9,"证据齐备",IF(INDEX('01_手动输入'!$G:$G,MATCH("supplier_traceability_coverage_pct",'01_手动输入'!$B:$B,0))>=0.7,"部分齐备","高风险"))
A28: EU | B28: 产品碳足迹研究底稿状态 | C28: PCF 研究底稿 | D28: 状态=齐备 | E28: =IF(INDEX('01_手动输入'!$G:$G,MATCH("pcf_study_status",'01_手动输入'!$B:$B,0))="齐备","证据齐备","待补证据")
A29: EU | B29: 测试报告状态 | C29: 测试报告原件 | D29: 状态=齐备 | E29: =IF(INDEX('01_手动输入'!$G:$G,MATCH("test_report_status",'01_手动输入'!$B:$B,0))="齐备","证据齐备","待补证据")
A30: EU | B30: 技术文档状态 | C30: 技术文档 / 说明书 / 计算书 | D30: 状态=齐备 | E30: =IF(INDEX('01_手动输入'!$G:$G,MATCH("technical_doc_status",'01_手动输入'!$B:$B,0))="齐备","证据齐备","待补证据")
A31: EU | B31: 护照对象 ID | C31: 护照系统对象主键 | D31: 对象ID不为空 | E31: =IF(INDEX('01_手动输入'!$G:$G,MATCH("qr_object_id",'01_手动输入'!$B:$B,0))<>"","证据齐备","待补证据")
A32: EU | B32: 个体电池编码前缀 | C32: 序列化规则 | D32: 前缀不为空 | E32: =IF(INDEX('01_手动输入'!$G:$G,MATCH("individual_battery_prefix",'01_手动输入'!$B:$B,0))<>"","证据齐备","待补证据")
A33: EU | B33: EU 输出完备度 | C33: 系统自动汇总 | D33: 完备度>=0.9 | E33: =IF('09_EU中间表'!D33>=0.9,"证据齐备","待补证据")
A34: EU | B34: EU 输出结论 | C34: 系统自动汇总 + 人工复核 | D34: 结论不为空 | E34: =IF('09_EU中间表'!D34<>"","证据齐备","待补证据")
A35: CBAM | B35: 电池型号 | C35: 产品主数据 | D35: 有型号即可 | E35: =IF(INDEX('01_手动输入'!$G:$G,MATCH("model_code",'01_手动输入'!$B:$B,0))<>"","证据齐备","待补证据")
A36: CBAM | B36: 产品报告期 | C36: 产品报告期规则 | D36: 有产品报告期即可 | E36: =IF(INDEX('01_手动输入'!$G:$G,MATCH("reporting_period",'01_手动输入'!$B:$B,0))<>"","证据齐备","待补证据")
A37: CBAM | B37: 上游材料报告期 | C37: 供应商报告期记录 | D37: 有上游报告期即可 | E37: =IF(INDEX('01_手动输入'!$G:$G,MATCH("upstream_reporting_period",'01_手动输入'!$B:$B,0))<>"","证据齐备","待补证据")
A38: CBAM | B38: 铝材供应商安装点 ID | C38: 安装点主数据 | D38: 有安装点ID即可 | E38: =IF(INDEX('01_手动输入'!$G:$G,MATCH("aluminium_supplier_installation_id",'01_手动输入'!$B:$B,0))<>"","证据齐备","待补证据")
A39: CBAM | B39: 铝材质量(kg) | C39: BOM / 结构件清单 | D39: 铝材质量>=0 | E39: =IF(INDEX('01_手动输入'!$G:$G,MATCH("aluminium_mass_kg",'01_手动输入'!$B:$B,0))>=0,"证据齐备","待补证据")
A40: CBAM | B40: 铝材直接排放因子(kgCO2e/kg) | C40: 供应商PCF / 安装点因子 | D40: 直接因子>=0 | E40: =IF(INDEX('01_手动输入'!$G:$G,MATCH("aluminium_direct_pcf",'01_手动输入'!$B:$B,0))>=0,"证据齐备","待补证据")
A41: CBAM | B41: 铝材间接排放因子(kgCO2e/kg) | C41: 供应商PCF / 电力因子 | D41: 间接因子>=0 | E41: =IF(INDEX('01_手动输入'!$G:$G,MATCH("aluminium_indirect_pcf",'01_手动输入'!$B:$B,0))>=0,"证据齐备","待补证据")
A42: CBAM | B42: 铝材总嵌入排放(kgCO2e/申报单元) | C42: 质量 x 因子计算链 | D42: 质量和因子齐备 | E42: =IF(AND(INDEX('01_手动输入'!$G:$G,MATCH("aluminium_mass_kg",'01_手动输入'!$B:$B,0))>=0,INDEX('01_手动输入'!$G:$G,MATCH("aluminium_direct_pcf",'01_手动输入'!$B:$B,0))>=0,INDEX('01_手动输入'!$G:$G,MATCH("aluminium_indirect_pcf",'01_手动输入'!$B:$B,0))>=0),"证据齐备","待补证据")
A43: CBAM | B43: 铝材核验状态 | C43: 供应商核验报告 | D43: 状态=已核验 | E43: =IF(INDEX('01_手动输入'!$G:$G,MATCH("aluminium_verifier_status",'01_手动输入'!$B:$B,0))="已核验","证据齐备","待补证据")
A44: CBAM | B44: 钢材供应商安装点 ID | C44: 安装点主数据 | D44: 有安装点ID即可 | E44: =IF(INDEX('01_手动输入'!$G:$G,MATCH("steel_supplier_installation_id",'01_手动输入'!$B:$B,0))<>"","证据齐备","待补证据")
A45: CBAM | B45: 钢材质量(kg) | C45: BOM / 结构件清单 | D45: 钢材质量>=0 | E45: =IF(INDEX('01_手动输入'!$G:$G,MATCH("steel_mass_kg",'01_手动输入'!$B:$B,0))>=0,"证据齐备","待补证据")
A46: CBAM | B46: 钢材直接排放因子(kgCO2e/kg) | C46: 供应商PCF / 安装点因子 | D46: 直接因子>=0 | E46: =IF(INDEX('01_手动输入'!$G:$G,MATCH("steel_direct_pcf",'01_手动输入'!$B:$B,0))>=0,"证据齐备","待补证据")
A47: CBAM | B47: 钢材间接排放因子(kgCO2e/kg) | C47: 供应商PCF / 电力因子 | D47: 间接因子>=0 | E47: =IF(INDEX('01_手动输入'!$G:$G,MATCH("steel_indirect_pcf",'01_手动输入'!$B:$B,0))>=0,"证据齐备","待补证据")
A48: CBAM | B48: 钢材总嵌入排放(kgCO2e/申报单元) | C48: 质量 x 因子计算链 | D48: 质量和因子齐备 | E48: =IF(AND(INDEX('01_手动输入'!$G:$G,MATCH("steel_mass_kg",'01_手动输入'!$B:$B,0))>=0,INDEX('01_手动输入'!$G:$G,MATCH("steel_direct_pcf",'01_手动输入'!$B:$B,0))>=0,INDEX('01_手动输入'!$G:$G,MATCH("steel_indirect_pcf",'01_手动输入'!$B:$B,0))>=0),"证据齐备","待补证据")
A49: CBAM | B49: 钢材核验状态 | C49: 供应商核验报告 | D49: 状态=已核验 | E49: =IF(INDEX('01_手动输入'!$G:$G,MATCH("steel_verifier_status",'01_手动输入'!$B:$B,0))="已核验","证据齐备","待补证据")
A50: CBAM | B50: 覆盖材料总嵌入排放(kgCO2e/申报单元) | C50: 铝钢材料计算链 | D50: 铝钢模块均齐备 | E50: =IF(AND(INDEX('01_手动输入'!$G:$G,MATCH("aluminium_verifier_status",'01_手动输入'!$B:$B,0))="已核验",INDEX('01_手动输入'!$G:$G,MATCH("steel_verifier_status",'01_手动输入'!$B:$B,0))="已核验"),"证据齐备","部分齐备")
A51: CBAM | B51: 覆盖材料占整包总排放比重 | C51: CBAM 总量 / EU总碳足迹 | D51: EU+CBAM 两边结果都存在 | E51: =IF(AND('10_CBAM中间表'!D19<>"",'09_EU中间表'!D15<>""),"证据齐备","待补证据")
A52: CBAM | B52: 供应商 PCF 覆盖率 | C52: 供应商PCF报告 | D52: 覆盖率>=0.75 | E52: =IF(INDEX('01_手动输入'!$G:$G,MATCH("supplier_pcf_coverage_pct",'01_手动输入'!$B:$B,0))>=0.75,"证据齐备",IF(INDEX('01_手动输入'!$G:$G,MATCH("supplier_pcf_coverage_pct",'01_手动输入'!$B:$B,0))>=0.5,"部分齐备","高风险"))
A53: CBAM | B53: CBAM 兼容输出完备度 | C53: 系统自动汇总 | D53: 完备度>=0.9 | E53: =IF('10_CBAM中间表'!D22>=0.9,"证据齐备","待补证据")
A54: CBAM | B54: CBAM 兼容输出结论 | C54: 系统自动汇总 + 人工复核 | D54: 结论不为空 | E54: =IF('10_CBAM中间表'!D23<>"","证据齐备","待补证据")

Sheet 06_核验映射过程
A1: 核验映射：谁来确认每一类数据
A3: 目标制度 | B3: 目标字段 | C3: 字段类型 | D3: 核验层级
A4: EU | B4: 制造商名称 | C4: 主体识别 | D4: 内部确认
A5: EU | B5: 产品名称 | C5: 产品主数据 | D5: 内部确认
A6: EU | B6: 电池型号 | C6: 产品主数据 | D6: 内部确认
A7: EU | B7: 产品类别 | C7: 产品分类 | D7: 内部确认
A8: EU | B8: 化学体系 | C8: 技术主数据 | D8: 内部确认
A9: EU | B9: 制造工厂代码 | C9: 工厂主数据 | D9: 内部确认
A10: EU | B10: 制造工厂名称 | C10: 工厂主数据 | D10: 内部确认
A11: EU | B11: 报告期 | C11: 报告锚点 | D11: 内部确认
A12: EU | B12: 申报单元申报单元额定容量(kWh) | C12: 性能参数 | D12: 测试+内部确认
A13: EU | B13: 标称电压(V) | C13: 性能参数 | D13: 测试+内部确认
A14: EU | B14: 循环寿命(cycles) | C14: 性能参数 | D14: 测试+内部确认
... A54: CBAM | B54: CBAM 兼容输出结论 | C54: 系统结论 | D54: 系统自动判定 + 管理层复核

Sheet 07_权限映射过程
A1: 权限映射：谁能看哪些数据
A3: 目标制度 | B3: 目标字段 | C3: 字段类型 | D3: 访问层级
A4: EU | B4: 制造商名称 | C4: 公开识别字段 | D4: 公开
A5: EU | B5: 产品名称 | C5: 公开展示字段 | D5: 公开
A6: EU | B6: 电池型号 | C6: 产品锚点 | D6: 受限
A7: EU | B7: 产品类别 | C7: 公开产品字段 | D7: 公开
A8: EU | B8: 化学体系 | C8: 公开产品字段 | D8: 公开
A9: EU | B9: 制造工厂代码 | C9: 工厂锚点 | D9: 受限
A10: EU | B10: 制造工厂名称 | C10: 工厂识别字段 | D10: 受限
A11: EU | B11: 报告期 | C11: 时间锚点 | D11: 受限
A12: EU | B12: 申报单元申报单元额定容量(kWh) | C12: 公开性能参数 | D12: 公开
A13: EU | B13: 标称电压(V) | C13: 公开性能参数 | D13: 公开
A14: EU | B14: 循环寿命(cycles) | C14: 公开性能参数 | D14: 公开
... A54: CBAM | B54: CBAM 兼容输出结论 | C54: 汇报摘要字段 | D54: 公开

Sheet 08_生命周期计算过程
A1: 生命周期碳足迹计算过程（全部自动公式）
A3: 计算模块 | B3: 计算项 | C3: 计算逻辑 | D3: 当前结果预览
A4: 原材料阶段 | B4: 正极材料排放 | C4: 质量 x 排放因子 | D4: 700
A5: 原材料阶段 | B5: 负极材料排放 | C5: 质量 x 排放因子 | D5: 455
A6: 原材料阶段 | B6: 电解液排放 | C6: 质量 x 排放因子 | D6: 280
A7: 原材料阶段 | B7: 隔膜排放 | C7: 质量 x 排放因子 | D7: 54
A8: 原材料阶段 | B8: 铜材排放 | C8: 质量 x 排放因子 | D8: 190
A9: 原材料阶段 | B9: 铝材直接排放 | C9: 质量 x 直接因子 | D9: 720
A10: 原材料阶段 | B10: 铝材间接排放 | C10: 质量 x 间接因子 | D10: 400
A11: 原材料阶段 | B11: 钢材直接排放 | C11: 质量 x 直接因子 | D11: 60
A12: 原材料阶段 | B12: 钢材间接排放 | C12: 质量 x 间接因子 | D12: 21
A13: 原材料阶段 | B13: 塑料件排放 | C13: 质量 x 排放因子 | D13: 75
A14: 原材料阶段 | B14: 其他材料排放 | C14: 质量 x 排放因子 | D14: 230
A15: 原材料阶段 | B15: 原材料阶段合计 | C15: 上述求和 | D15: 3185
... A33: CBAM影子 | B33: 覆盖材料占整包总排放比重 | C33: 覆盖材料总嵌入排放 / 整包总碳足迹 | D33: 0.3406167

Sheet 09_EU中间表
A1: 09_EU中间表
A3: 分组 | B3: 目标字段 | C3: 单位 | D3: 当前结果预览
A4: 基本信息 | B4: 制造商名称 | C4: 文本 | D4: =INDEX('01_手动输入'!$G:$G,MATCH("manufacturer_name",'01_手动输入'!$B:$B,0))
A5: 基本信息 | B5: 产品名称 | C5: 文本 | D5: =INDEX('01_手动输入'!$G:$G,MATCH("product_name",'01_手动输入'!$B:$B,0))
A6: 基本信息 | B6: 电池型号 | C6: 文本 | D6: =INDEX('01_手动输入'!$G:$G,MATCH("model_code",'01_手动输入'!$B:$B,0))
A7: 基本信息 | B7: 产品类别 | C7: 文本 | D7: =INDEX('01_手动输入'!$G:$G,MATCH("battery_category",'01_手动输入'!$B:$B,0))
A8: 基本信息 | B8: 化学体系 | C8: 文本 | D8: =INDEX('01_手动输入'!$G:$G,MATCH("chemistry",'01_手动输入'!$B:$B,0))
A9: 基本信息 | B9: 制造工厂代码 | C9: 文本 | D9: =INDEX('01_手动输入'!$G:$G,MATCH("plant_code",'01_手动输入'!$B:$B,0))
A10: 基本信息 | B10: 制造工厂名称 | C10: 文本 | D10: =INDEX('01_手动输入'!$G:$G,MATCH("plant_name",'01_手动输入'!$B:$B,0))
A11: 基本信息 | B11: 报告期 | C11: 文本 | D11: =INDEX('01_手动输入'!$G:$G,MATCH("reporting_period",'01_手动输入'!$B:$B,0))
A12: 产品参数 | B12: 申报单元申报单元额定容量(kWh) | C12: kWh | D12: 72
A13: 产品参数 | B13: 标称电压(V) | C13: V | D13: 800
A14: 产品参数 | B14: 循环寿命(cycles) | C14: cycles | D14: 4000
A15: 碳足迹 | B15: 声明总碳足迹(kgCO2e/申报单元) | C15: kgCO2e/declared unit | D15: 3525.9574
A16: 碳足迹 | B16: 声明总碳足迹(kgCO2e/kWh) | C16: kgCO2e/kWh | D16: 48.971631
A17: 碳足迹 | B17: 原材料阶段(kgCO2e/kWh) | C17: kgCO2e/kWh | D17: 44.236111
A18: 碳足迹 | B18: 制造阶段(kgCO2e/kWh) | C18: kgCO2e/kWh | D18: 4.3605201
A19: 碳足迹 | B19: 运输阶段(kgCO2e/kWh) | C19: kgCO2e/kWh | D19: 0.58333333
A20: 碳足迹 | B20: 终端回收阶段(kgCO2e/kWh) | C20: kgCO2e/kWh | D20: -0.20833333
A21: 再生材料 | B21: 再生锂占比 | C21: % | D21: 0.08
A22: 再生材料 | B22: 再生钴占比 | C22: % | D22: 0
A23: 再生材料 | B23: 再生镍占比 | C23: % | D23: 0
A24: 再生材料 | B24: 再生铅占比 | C24: % | D24: 0
A25: 尽调与追溯 | B25: 尽调政策链接 | C25: 文本 | D25: https://www.catl.com/
A26: 尽调与追溯 | B26: 关键原材料追溯范围 | C26: 文本 | D26: lithium / graphite / aluminium / copper / steel
A27: 尽调与追溯 | B27: 供应链追溯覆盖率 | C27: % | D27: 0.92
A28: 文件与护照 | B28: 产品碳足迹研究底稿状态 | C28: 文本 | D28: 齐备
A29: 文件与护照 | B29: 测试报告状态 | C29: 文本 | D29: 齐备
A30: 文件与护照 | B30: 技术文档状态 | C30: 文本 | D30: 齐备
A31: 文件与护照 | B31: 护照对象 ID | C31: 文本 | D31: passport-demo-001
A32: 文件与护照 | B32: 个体电池编码前缀 | C32: 文本 | D32: SXP25Q4
A33: 综合状态 | B33: EU 输出完备度 | C33: % | D33: 1
A34: 综合状态 | B34: EU 输出结论 | C34: 文本 | D34: 可作为通用模板示例输出

Sheet 10_CBAM中间表
A1: 10_CBAM中间表
A3: 分组 | B3: 目标字段 | C3: 单位 | D3: 当前结果预览
A4: 基础锚点 | B4: 电池型号 | C4: 文本 | D4: =INDEX('01_手动输入'!$G:$G,MATCH("model_code",'01_手动输入'!$B:$B,0))
A5: 基础锚点 | B5: 产品报告期 | C5: 文本 | D5: =INDEX('01_手动输入'!$G:$G,MATCH("reporting_period",'01_手动输入'!$B:$B,0))
A6: 基础锚点 | B6: 上游材料报告期 | C6: 文本 | D6: =INDEX('01_手动输入'!$G:$G,MATCH("upstream_reporting_period",'01_手动输入'!$B:$B,0))
A7: 铝材模块 | B7: 铝材供应商安装点 ID | C7: 文本 | D7: AL-SUP-001
A8: 铝材模块 | B8: 铝材质量(kg) | C8: kg | D8: 80
A9: 铝材模块 | B9: 铝材直接排放因子(kgCO2e/kg) | C9: kgCO2e/kg | D9: 9
A10: 铝材模块 | B10: 铝材间接排放因子(kgCO2e/kg) | C10: kgCO2e/kg | D10: 5
A11: 铝材模块 | B11: 铝材总嵌入排放(kgCO2e/申报单元) | C11: kgCO2e/declared unit | D11: 1120
A12: 铝材模块 | B12: 铝材核验状态 | C12: 文本 | D12: 已核验
A13: 钢材模块 | B13: 钢材供应商安装点 ID | C13: 文本 | D13: ST-SUP-001
A14: 钢材模块 | B14: 钢材质量(kg) | C14: kg | D14: 30
A15: 钢材模块 | B15: 钢材直接排放因子(kgCO2e/kg) | C15: kgCO2e/kg | D15: 2
A16: 钢材模块 | B16: 钢材间接排放因子(kgCO2e/kg) | C16: kgCO2e/kg | D16: 0.7
A17: 钢材模块 | B17: 钢材总嵌入排放(kgCO2e/申报单元) | C17: kgCO2e/declared unit | D17: 81
A18: 钢材模块 | B18: 钢材核验状态 | C18: 文本 | D18: 已核验
A19: 汇总 | B19: 覆盖材料总嵌入排放(kgCO2e/申报单元) | C19: kgCO2e/declared unit | D19: 1201
A20: 汇总 | B20: 覆盖材料占整包总排放比重 | C20: % | D20: 0.3406167
A21: 汇总 | B21: 供应商 PCF 覆盖率 | C21: % | D21: 0.76
A22: 综合状态 | B22: CBAM 兼容输出完备度 | C22: % | D22: 1
A23: 综合状态 | B23: CBAM 兼容输出结论 | C23: 文本 | D23: 可作为上游碳数据通用兼容模块示例

Sheet 11_CATL公开披露架构
A1: CATL 现有公开披露架构与拆分判断表
A2: 用途：把宁德时代现有公开披露资料拆成“哪些可以直接引用、哪些必须进一步拆分成 model/plant/supplier/material 级数据”。
A3: 主要来源 | B3: CATL 当前公开披露架构 | C3: 当前公开对象/粒度 | D3: 当前公开示例 | E3: 在我们系统中的角色 | F3: 可以直接引用什么 | G3: 必须拆分成什么明细数据 | H3: 更适合进入哪一层映射 | I3: 判断
A4: 2025 ESG 报告；2025 港股上市文件 | B4: 公司基本身份与业务范围 | C4: 公司/entity 级 | D4: 公司名称、主营业务、全球零碳新能源科技公司定位、业务范围 | E4: 作为系统最外层的公司身份锚点 | F4: 制造商名称、公司简介、业务范围、总部与联系方式 | G4: 电池型号代码、产品类别、化学体系、具体 demo 产品名 | H4: 字段映射 | I4: 公司级字段可直接引用，但不能替代产品主数据
A5: 2025 ESG 报告“全球布局”；2023 碳排放核算报告表 1 | B5: 全球布局与生产基地清单 | C5: 公司/子公司/基地级 | D5: 江苏时代、四川时代、福鼎时代、图林根时代等名单 | E5: 可作为 plant 候选池和试点工厂来源 | F5: 基地名称、基地名单、核心运营范围 | G5: manufacturing plant code、plant-country、plant-to-model 绑定关系、对应报告期 | H5: 字段映射 + 证据映射 | I5: 可部分引用，但必须从“基地名”继续拆到“具体制造工厂代码和产品绑定”
A6: 2025 ESG 报告“报告范围”；2022/2023 碳排放核算报告 | B6: 合并报表范围、组织边界与运营控制权法 | C6: 公司/group 级方法说明 | D6: 与合并财务报表范围一致；运营控制权法；核心运营范围 | E6: 作为边界说明和方法论底稿 | F6: 边界选择逻辑、组织边界说明 | G6: battery model + manufacturing plant 的产品系统边界、纳入/排除逻辑、单产品声明周期 | H6: 字段映射 + 证据映射 | I6: 适合作为方法论底稿，不适合直接当成 EU 产品边界输出
A7: 2025 ESG 报告第 2 章 | B7: 可持续治理、CSMC、双重重要性与尽职调查架构 | C7: 公司治理级 | D7: CSMC、理事会、ESG 专员、双重重要性、尽职调查流程 | E7: 用于证明公司具备治理基础 | F7: 尽调政策链接、治理架构说明、责任部门设置 | G7: 字段 owner、证据 owner、审批链、对外披露与监管查看的权限矩阵 | H7: 核验映射 + 权限映射 | I7: 治理叙事可直接用作背景，但真正报送时仍需拆成字段责任链
A8: 2025 ESG 报告“零碳领航”章节 | B8: 零碳战略与核心运营碳中和成果 | C8: 公司/core operations 级 | D8: 2025 核心运营碳中和、2035 价值链碳中和、9 座零碳工厂、100%核心运营零碳电力 | E8: 作为外部说服力与战略锚点 | F8: 目标年份、零碳工厂数量、核心运营零碳电力比例 | G8: 每座工厂的认证证书编号、认证范围、有效期、核查方法、工厂级电力结构 | H8: 证据映射 + 核验映射 | I8: 战略目标能直接引用，但认证证据必须拆到 plant 级
A9: 2025 ESG 数据表；2023 ESG 报告；2023 碳排放核算报告 | B9: 年度 ESG 量化指标中的范围一/二/总量数据 | C9: 公司级年度总量 | D9: Total Scope 1 / Scope 2 / total GHG emissions | E9: 适合作为企业级碳管理基线 | F9: 公司年度范围一/二/总量、趋势变化 | G9: plant 级范围一/二、工艺分摊逻辑、model 级 kgCO2e/declared unit 与 kgCO2e/kWh | H9: 字段映射 + 证据映射 | I9: 不能直接拿去填欧盟电池法或 CBAM 输出，只能作为上层基线
A10: 2023 碳排放核算报告表 2、表 3；2022 Carbon Accounting Report Table 2、3 | B10: 碳核算报告中的排放分类与活动数据来源 | C10: 组织级方法 + 数据源家族 | D10: 天然气、电力、蒸汽、ERP 采购量、物流供应商数据、差旅系统、员工通勤问卷 | E10: 这是最适合转成输入模板的数据骨架 | F10: 排放源类别、活动数据来源、核算因子来源 | G10: 每个 plant 每个 model 的能耗、物料、运输、供应商 PCF、报告期、证据文件编号 | H10: 证据映射 | I10: 这部分非常有价值，但必须从“数据家族”拆成“单字段输入项”
A11: 2023 碳排放核算报告表 4、表 5 | B11: 按公司及子公司划分的排放占比与核查覆盖 | C11: 子公司/基地级 | D11: 按子公司占比展示排放；15 家核查主体约覆盖 97% 核心运营排放 | E11: 适合帮助选 pilot plant | F11: 高排放基地优先级、哪些基地已核查 | G11: 具体工厂的绝对排放值、分产品产量、单位产量排放、与 demo 产品的绑定关系 | H11: 证据映射 + 核验映射 | I11: 可部分引用，但“占比图”不能替代工厂级报送字段
A12: 2022 Carbon Accounting Report | B12: 按产品类型划分的排放占比 | C12: 产品类型级（cell/module/pack/others） | D12: Scope 1 + Scope 2 emissions by product type | E12: 说明 CATL 已有产品类型视角 | F12: cell/module/pack 这种粗分口径 | G12: 具体 pack 型号、BOM、pack capacity、具体产品声明周期 | H12: 字段映射 | I12: 可作为过渡桥梁，但仍远不足以直接形成电池护照字段
A13: 2025 ESG 报告“供应链管理”章节 | B13: 供应商行为准则、可持续发展协议、负责任矿产政策 | C13: 政策/协议级 | D13: 100% 供应商签署《供应商行为准则》；关键供应商《可持续发展协议》签署率 100% | E13: 直接支撑 due diligence 公开层 | F13: 政策链接、协议覆盖率、覆盖议题清单 | G13: 按供应商、按物料、按工厂的协议编号、有效期、签署状态、尽调结果 | H13: 证据映射 + 核验映射 | I13: 政策类内容可直接引用，但不能替代供应商级证据
A14: 2025 ESG 报告；2024 ESG 报告 | B14: CREDIT 价值链可持续透明度审核 | C14: 供应商审核框架级 | D14: 31 个二级指标、114 个三级指标；2025 年审核 60 家核心供应商；2024 年审核 82 家 | E14: 最适合作为 supplier assurance 骨架 | F14: 审核框架存在、审核覆盖范围、供应商合格率 | G14: 每家供应商的审核结果、整改计划、关闭日期、材料覆盖、site 级 findings | H14: 核验映射 + 证据映射 | I14: 可作为核验逻辑直接借用，但真正输出要拆到 supplier/site/material 级
... A21: 2025 港股上市文件/招股书 | B21: 资本市场口径的可持续叙事与监管回应 | C21: 资本市场 narrative 级 | D21: Our Sustainability Initiatives；EU Battery Regulation、digital battery passport、critical raw materials 风险与机会 | E21: 适合作为比赛里“为什么 CATL 现在必须做这个系统”的外部背景 | F21: 监管压力、市场机会、公司对外承诺、行业定位 | G21: 几乎不提供可直接报送的 model/plant 级数据 | H21: 背景层，不直接进入四层映射主计算 | I21: 很适合放在 PPT 前半段，但不建议直接拿来填输出字段

Sheet 12_字段字典
A1: 字段字典：把每个输入字段背后的治理信息写清楚
A2: 这个 Sheet 是整个工作簿的元数据中心。01_手动输入右侧的治理列全部从这里自动带出。
A3: 原类别 | B3: 字段代码 | C3: 中文字段名 | D3: 字段数据类型 | E3: 是否必填 | F3: 录入方式 | G3: 建议来源系统 | H3: 字段责任人 | I3: 保密等级 | J3: 校验规则ID | K3: 缺口状态 | L3: 可直接复用CATL公开披露? | M3: 下一步动作 | N3: 主要影响输出 | O3: 当前字段说明
A4: A. 基本身份 | B4: manufacturer_name | C4: 制造商名称 | D4: 文本 | E4: 是 | F4: 主数据人工确认 | G4: PLM/主数据系统 | H4: 产品主数据团队 | I4: 公开或低敏 | J4: VAL-001 | K4: 可直接复用 | L4: 可直接引用 | M4: 补安装点ID、核验报告和访问权限控制 | N4: EU+CBAM | O4: 公司主体识别字段
A5: A. 基本身份 | B5: product_name | C5: 产品名称 | D5: 文本 | E5: 是 | F5: 主数据人工确认 | G5: PLM/主数据系统 | H5: 产品主数据团队 | I5: 公开或低敏 | J5: VAL-001 | K5: 需拆分到产品/工厂级 | L5: 部分可引用 | M5: 补安装点ID、核验报告和访问权限控制 | N5: EU | O5: 用于任意 CATL 电池产品的模板名称，而非固定神行案例
A6: A. 基本身份 | B6: model_code | C6: 电池型号代码 | D6: 标识符文本 | E6: 是 | F6: 主数据人工确认 | G6: PLM/主数据系统 | H6: 产品主数据团队 | I6: 内部受限 | J6: VAL-002 | K6: 需拆分到产品/工厂级 | L6: 部分可引用 | M6: 把公司级口径继续拆到型号+工厂+报告期 | N6: EU+CBAM | O6: 通用模板的产品锚点，可替换为任意实际型号
A7: A. 基本身份 | B7: battery_category | C7: 产品业务类别 | D7: 文本 | E7: 是 | F7: 主数据人工确认 | G7: PLM/主数据系统 | H7: 产品主数据团队 | I7: 公开或低敏 | J7: VAL-001 | K7: 需拆分到产品/工厂级 | L7: 部分可引用 | M7: 补安装点ID、核验报告和访问权限控制 | N7: EU | O7: 这是业务和产品线分类；正式欧盟监管适用类别请看 regulatory_battery_class
A8: A. 基本身份 | B8: chemistry | C8: 化学体系 | D8: 文本 | E8: 是 | F8: 主数据人工确认 | G8: PLM/主数据系统 | H8: 产品主数据团队 | I8: 公开或低敏 | J8: VAL-001 | K8: 需拆分到产品/工厂级 | L8: 部分可引用 | M8: 补安装点ID、核验报告和访问权限控制 | N8: EU+CBAM | O8: 保留化学体系接口，但不绑定单一神行配方
A9: A. 基本身份 | B9: plant_code | C9: 制造工厂代码 | D9: 标识符文本 | E9: 是 | F9: 主数据人工确认 | G9: PLM/主数据系统 | H9: 产品主数据团队 | I9: 内部受限 | J9: VAL-002 | K9: 需拆分到产品/工厂级 | L9: 部分可引用 | M9: 把公司级口径继续拆到型号+工厂+报告期 | N9: EU+CBAM | O9: 主要制造工厂代码；若产品还涉及单独总成装配地点，请同时填写 assembly_site_* 字段
A10: A. 基本身份 | B10: plant_name | C10: 制造工厂名称 | D10: 文本 | E10: 是 | F10: 主数据人工确认 | G10: PLM/主数据系统 | H10: 产品主数据团队 | I10: 内部受限 | J10: VAL-001 | K10: 需拆分到产品/工厂级 | L10: 部分可引用 | M10: 补安装点ID、核验报告和访问权限控制 | N10: EU | O10: 主要制造工厂名称；用于绑定主申报工厂
A11: A. 基本身份 | B11: reporting_period | C11: 产品报告期 | D11: 文本 | E11: 是 | F11: 主数据人工确认 | G11: PLM/主数据系统 | H11: 产品主数据团队 | I11: 内部受限 | J11: VAL-012 | K11: 需拆分到产品/工厂级 | L11: 部分可引用 | M11: 把公司级口径继续拆到型号+工厂+报告期 | N11: EU+CBAM | O11: 模板示例周期，实际应用时按产品与工厂报告期填写
A12: A. 基本身份 | B12: regulatory_battery_class | C12: 监管适用类别 | D12: 文本 | E12: 是 | F12: 主数据人工确认 | G12: PLM/主数据系统 | H12: 产品主数据团队 | I12: 内部受限 | J12: VAL-001 | K12: 需拆分到产品/工厂级 | L12: 部分可引用 | M12: 补安装点ID、核验报告和访问权限控制 | N12: EU | O12: 区分业务产品类别与欧盟监管适用类别，避免两者混在一起
A13: A. 基本身份 | B13: declared_boundary_note | C13: 申报边界说明 | D13: 文本 | E13: 是 | F13: 主数据人工确认 | G13: PLM/主数据系统 | H13: 产品主数据团队 | I13: 内部受限 | J13: VAL-001 | K13: 需拆分到产品/工厂级 | L13: 部分可引用 | M13: 补安装点ID、核验报告和访问权限控制 | N13: EU+CBAM | O13: 明确申报单元到底包含哪些部件，是通用模板非常关键的边界字段
A14: A. 基本身份 | B14: cell_count_per_unit | C14: 申报单元电芯数量 | D14: 数值 | E14: 是 | F14: 主数据人工确认 | G14: PLM/主数据系统 | H14: 产品主数据团队 | I14: 内部受限 | J14: VAL-001 | K14: 需拆分到产品/工厂级 | L14: 部分可引用 | M14: 补安装点ID、核验报告和访问权限控制 | N14: EU+CBAM | O14: 支持从 cell 到 module、pack、system 的结构展开
... A89: H. CBAM 影子输入 | B89: steel_verifier_status | C89: 钢材核验状态 | D89: 状态文本 | E89: 是 | F89: 供应商接口/人工确认 | G89: 供应商主数据/CBAM影子台账 | H89: 采购与上游核验团队 | I89: 高度敏感 | J89: VAL-006 | K89: 需安装点级与核验数据 | L89: 不可直接引用 | M89: 补安装点ID、核验报告和访问权限控制 | N89: CBAM | O89: 体现 verifier discipline

Sheet 13_证据台账
A1: 证据台账：把“有数据”与“有证据”分开管理
A2: 企业级合规工具不能只看有没有数值，还要看背后有没有可供审计、核验和追责的证据包。这里按证据包管理，不按单个文件碎片管理。
A3: 证据包ID | B3: 证据包名称 | C3: 覆盖字段/输出 | D3: 关键输入检查 | E3: 当前状态 | F3: 建议主要文件/系统 | G3: 责任部门 | H3: 核验需求 | I3: 保密等级 | J3: 主要服务对象 | K3: 下一步建议
A4: EVD-001 | B4: 公司主体与尽调政策包 | C4: 制造商名称 / 尽调政策链接 | D4: =IF(AND(INDEX('01_手动输入'!$G:$G,MATCH("manufacturer_name",'01_手动输入'!$B:$B,0))<>"",INDEX('01_手动输入'!$G:$G,MATCH("due_diligence_policy_url",'01_手动输入'!$B:$B,0))<>""),"已具备","缺失") | E4: =D4 | F4: 营业执照、年报、官网政策链接、尽调制度文件 | G4: 法务与尽调团队 | H4: 内部确认 | I4: 公开或低敏 | J4: EU | K4: 把政策链接与正式制度文件建立一一对应
A5: EVD-002 | B5: 产品主数据包 | C5: 产品名 / 型号 / 类别 / 化学体系 | D5: =IF(AND(INDEX('01_手动输入'!$G:$G,MATCH("product_name",'01_手动输入'!$B:$B,0))<>"",INDEX('01_手动输入'!$G:$G,MATCH("model_code",'01_手动输入'!$B:$B,0))<>"",INDEX('01_手动输入'!$G:$G,MATCH("battery_category",'01_手动输入'!$B:$B,0))<>"",INDEX('01_手动输入'!$G:$G,MATCH("chemistry",'01_手动输入'!$B:$B,0))<>""),"已具备","缺失") | E5: =D5 | F5: PLM 主数据、产品规格书、BOM主档 | G5: 产品主数据团队 | H5: 内部确认 | I5: 内部受限 | J5: EU+CBAM | K5: 建立产品型号到护照对象的唯一映射
A6: EVD-003 | B6: 工厂与报告期锚点包 | C6: 工厂代码 / 工厂名称 / 报告期 | D6: =IF(AND(INDEX('01_手动输入'!$G:$G,MATCH("plant_code",'01_手动输入'!$B:$B,0))<>"",INDEX('01_手动输入'!$G:$G,MATCH("plant_name",'01_手动输入'!$B:$B,0))<>"",INDEX('01_手动输入'!$G:$G,MATCH("reporting_period",'01_手动输入'!$B:$B,0))<>""),"已具备","缺失") | E6: =D6 | F6: 工厂主数据、产线清单、报告期规则 | G6: 工厂EHS与主数据团队 | H6: 内部确认 | I6: 内部受限 | J6: EU+CBAM | K6: 把基地级披露继续拆到产品制造工厂级
A7: EVD-004 | B7: 技术文档与测试报告包 | C7: 测试报告状态 / 技术文档状态 | D7: =IF(AND(INDEX('01_手动输入'!$G:$G,MATCH("test_report_status",'01_手动输入'!$B:$B,0))="齐备",INDEX('01_手动输入'!$G:$G,MATCH("technical_doc_status",'01_手动输入'!$B:$B,0))="齐备"),"证据齐备","待补证据") | E7: =D7 | F7: 测试报告、规格书、说明书、计算书 | G7: 法规合规团队 | H7: 内部确认 + 后续第三方核验 | I7: 内部受限 | J7: EU | K7: 把 Annex 风格文档做成固定目录结构
A8: EVD-005 | B8: PCF 研究底稿包 | C8: PCF 研究状态 / 生命周期边界 | D8: =IF(INDEX('01_手动输入'!$G:$G,MATCH("pcf_study_status",'01_手动输入'!$B:$B,0))="齐备","证据齐备","待补证据") | E8: =D8 | F8: LCA底稿、方法说明、边界说明、计算清单 | G8: LCA与碳核算团队 | H8: 第三方/合规核验 | I8: 商业敏感 | J8: EU | K8: 从 demo 因子切换到真实企业因子和版本管理
A9: EVD-006 | B9: 结构化护照数据包 | C9: 护照对象 ID / 数据包状态 | D9: =IF(AND(INDEX('01_手动输入'!$G:$G,MATCH("qr_object_id",'01_手动输入'!$B:$B,0))<>"",INDEX('01_手动输入'!$G:$G,MATCH("passport_data_package_status",'01_手动输入'!$B:$B,0))="齐备"),"证据齐备","待补证据") | E9: =D9 | F9: JSON/XML 数据包、对象主键、二维码规则 | G9: 数字化产品团队 | H9: 内部确认 | I9: 内部受限 | J9: EU | K9: 为后续 Tractus-X / 前端接口准备统一对象结构
A10: EVD-007 | B10: 访问矩阵与保密控制包 | C10: 分层访问矩阵状态 | D10: =IF(INDEX('01_手动输入'!$G:$G,MATCH("access_matrix_status",'01_手动输入'!$B:$B,0))="齐备","证据齐备","待补证据") | E10: =D10 | F10: 访问矩阵、角色权限表、数据分类分级规则 | G10: 法务/IT/合规联合团队 | H10: 内部确认 | I10: 高度敏感 | J10: EU+CBAM | K10: 形成可给审计/监管看的权限规则说明
A11: EVD-008 | B11: 供应链追溯包 | C11: 供应链追溯覆盖率 | D11: =IF(INDEX('01_手动输入'!$G:$G,MATCH("supplier_traceability_coverage_pct",'01_手动输入'!$B:$B,0))>=0.9,"证据齐备",IF(INDEX('01_手动输入'!$G:$G,MATCH("supplier_traceability_coverage_pct",'01_手动输入'!$B:$B,0))>=0.7,"部分齐备","高风险")) | E11: =D11 | F11: 追溯台账、供应商清单、关键原材料范围 | G11: 采购与供应链团队 | H11: 内部确认 + 供应商抽核 | I11: 商业敏感 | J11: EU+CBAM | K11: 优先把锂、石墨、铝、铜、钢追溯到供应商级
A12: EVD-009 | B12: 供应商 PCF 包 | C12: 供应商 PCF 覆盖率 | D12: =IF(INDEX('01_手动输入'!$G:$G,MATCH("supplier_pcf_coverage_pct",'01_手动输入'!$B:$B,0))>=0.75,"证据齐备",IF(INDEX('01_手动输入'!$G:$G,MATCH("supplier_pcf_coverage_pct",'01_手动输入'!$B:$B,0))>=0.5,"部分齐备","高风险")) | E12: =D12 | F12: 供应商PCF报告、因子库版本、计算方法说明 | G12: 采购与碳核算团队 | H12: 第三方/合规核验 | I12: 商业敏感 | J12: EU+CBAM | K12: 建立欧盟可接受的因子来源和版本记录
A13: EVD-010 | B13: 材料用量主包 | C13: 正负极/电解液/隔膜/金属/塑料质量 | D13: =IF(AND(INDEX('01_手动输入'!$G:$G,MATCH("cathode_mass_kg",'01_手动输入'!$B:$B,0))>=0,INDEX('01_手动输入'!$G:$G,MATCH("anode_mass_kg",'01_手动输入'!$B:$B,0))>=0,INDEX('01_手动输入'!$G:$G,MATCH("aluminium_mass_kg",'01_手动输入'!$B:$B,0))>=0,INDEX('01_手动输入'!$G:$G,MATCH("steel_mass_kg",'01_手动输入'!$B:$B,0))>=0),"证据齐备","待补证据") | E13: =D13 | F13: BOM、配方清单、结构件清单 | G13: 研发BOM/LCA团队 | H13: 内部确认 | I13: 商业敏感 | J13: EU+CBAM | K13: 进一步拆到材料等级和供应商层
A14: EVD-011 | B14: 材料排放因子包 | C14: 各材料 PCF / 因子 | D14: =IF(AND(INDEX('01_手动输入'!$G:$G,MATCH("cathode_pcf",'01_手动输入'!$B:$B,0))>=0,INDEX('01_手动输入'!$G:$G,MATCH("grid_electricity_factor",'01_手动输入'!$B:$B,0))>=0,INDEX('01_手动输入'!$G:$G,MATCH("aluminium_direct_pcf",'01_手动输入'!$B:$B,0))>=0,INDEX('01_手动输入'!$G:$G,MATCH("steel_direct_pcf",'01_手动输入'!$B:$B,0))>=0),"证据齐备","待补证据") | E14: =D14 | F14: 供应商PCF、行业因子库、方法学说明 | G14: 采购与碳核算团队 | H14: 第三方/合规核验 | I14: 商业敏感 | J14: EU+CBAM | K14: 建立中国口径到欧盟口径的转换和替代逻辑
A15: EVD-012 | B15: 制造能耗与工艺排放包 | C15: 电力 / 蒸汽 / 天然气 / 直接工艺排放 | D15: =IF(AND(INDEX('01_手动输入'!$G:$G,MATCH("grid_electricity_kwh",'01_手动输入'!$B:$B,0))>=0,INDEX('01_手动输入'!$G:$G,MATCH("green_electricity_kwh",'01_手动输入'!$B:$B,0))>=0,INDEX('01_手动输入'!$G:$G,MATCH("steam_mj",'01_手动输入'!$B:$B,0))>=0,INDEX('01_手动输入'!$G:$G,MATCH("natural_gas_mj",'01_手动输入'!$B:$B,0))>=0),"证据齐备","待补证据") | E15: =D15 | F15: 电表、蒸汽台账、燃气台账、MES、工艺排放记录 | G15: 工厂EHS与能源团队 | H15: 第三方/合规核验 | I15: 高度敏感 | J15: EU+CBAM | K15: 把工厂级取数频率和留痕机制做起来
A16: EVD-013 | B16: 绿电证明包 | C16: 绿电量 / 绿电因子 | D16: =IF(AND(INDEX('01_手动输入'!$G:$G,MATCH("green_electricity_kwh",'01_手动输入'!$B:$B,0))>=0,INDEX('01_手动输入'!$G:$G,MATCH("green_electricity_factor",'01_手动输入'!$B:$B,0))>=0),"证据齐备","待补证据") | E16: =D16 | F16: 绿证、PPA、合同电量、匹配说明 | G16: 能源团队 | H16: 第三方/合规核验 | I16: 内部受限 | J16: EU | K16: 补清楚时间匹配和地域匹配规则
A17: EVD-014 | B17: 运输与回收边界包 | C17: 上下游运输 / 生命周期末端信用 | D17: =IF(AND(INDEX('01_手动输入'!$G:$G,MATCH("inbound_transport_kgco2",'01_手动输入'!$B:$B,0))<>"",INDEX('01_手动输入'!$G:$G,MATCH("outbound_transport_kgco2",'01_手动输入'!$B:$B,0))<>"",INDEX('01_手动输入'!$G:$G,MATCH("end_of_life_credit_kgco2",'01_手动输入'!$B:$B,0))<>""),"证据齐备","待补证据") | E17: =D17 | F17: 物流记录、路线清单、回收方案、方法学说明 | G17: LCA与物流团队 | H17: 第三方/合规核验 | I17: 内部受限 | J17: EU | K17: 把运输模式与里程假设从 demo 切成真实路线
A18: EVD-015 | B18: 再生材料证明包 | C18: 再生锂/铝/钢占比 | D18: =IF(AND(INDEX('01_手动输入'!$G:$G,MATCH("recycled_lithium_pct",'01_手动输入'!$B:$B,0))>=0,INDEX('01_手动输入'!$G:$G,MATCH("recycled_aluminium_pct",'01_手动输入'!$B:$B,0))>=0,INDEX('01_手动输入'!$G:$G,MATCH("recycled_steel_pct",'01_手动输入'!$B:$B,0))>=0),"证据齐备","待补证据") | E18: =D18 | F18: 质量平衡、供应商声明、再生料来源证明 | G18: 采购与再生材料团队 | H18: 第三方/合规核验 | I18: 商业敏感 | J18: EU+CBAM | K18: 统一质量平衡方法，避免公开口径与产品口径打架
A19: EVD-016 | B19: 第三方核验声明包 | C19: 第三方核验状态 | D19: =IF(INDEX('01_手动输入'!$G:$G,MATCH("third_party_verification_status",'01_手动输入'!$B:$B,0))="已核验","证据齐备","高风险") | E19: =D19 | F19: 核验报告、声明函、审计底稿索引 | G19: 法规合规团队 | H19: 第三方/合规核验 | I19: 内部受限 | J19: EU+CBAM | K19: 把影子核验与正式核验路径分开管理
A20: EVD-017 | B20: CBAM 铝材安装点包 | C20: 铝安装点 ID / 核验状态 | D20: =IF(AND(INDEX('01_手动输入'!$G:$G,MATCH("aluminium_supplier_installation_id",'01_手动输入'!$B:$B,0))<>"",INDEX('01_手动输入'!$G:$G,MATCH("aluminium_verifier_status",'01_手动输入'!$B:$B,0))="已核验"),"证据齐备","待补证据") | E20: =D20 | F20: 供应商安装点主数据、排放报告、核验报告 | G20: 采购与上游核验团队 | H20: 供应商核验 + 合规复核 | I20: 高度敏感 | J20: CBAM | K20: 这是 CBAM 兼容模块最容易被欧盟追问的地方
A21: EVD-018 | B21: CBAM 钢材安装点包 | C21: 钢安装点 ID / 核验状态 | D21: =IF(AND(INDEX('01_手动输入'!$G:$G,MATCH("steel_supplier_installation_id",'01_手动输入'!$B:$B,0))<>"",INDEX('01_手动输入'!$G:$G,MATCH("steel_verifier_status",'01_手动输入'!$B:$B,0))="已核验"),"证据齐备","待补证据") | E21: =D21 | F21: 供应商安装点主数据、排放报告、核验报告 | G21: 采购与上游核验团队 | H21: 供应商核验 + 合规复核 | I21: 高度敏感 | J21: CBAM | K21: 跟铝材一起形成 upstream shadow audit 样板

Sheet 14_校验规则
A1: 校验规则：把 demo 变成真正可防错的原型
A2: 这里不是法律条文原文，而是把“录错了就会出事”的地方，翻成普通人看得懂的检查规则。
A3: 规则ID | B3: 规则名称 | C3: 适用字段 | D3: 普通话解释 | E3: 失败后说明 | F3: 重要性 | G3: 当前结果 | H3: 主要影响制度
A4: VAL-001 | B4: 必填字段不能为空 | C4: 通用主键字段 | D4: 制造商、型号、工厂、报告期这些最基本字段不能空着。 | E4: 空了就没有产品锚点，后面全断。 | F4: P1 | G4: =IF(AND(INDEX('01_手动输入'!$G:$G,MATCH("manufacturer_name",'01_手动输入'!$B:$B,0))<>"",INDEX('01_手动输入'!$G:$G,MATCH("model_code",'01_手动输入'!$B:$B,0))<>"",INDEX('01_手动输入'!$G:$G,MATCH("plant_code",'01_手动输入'!$B:$B,0))<>"",INDEX('01_手动输入'!$G:$G,MATCH("reporting_period",'01_手动输入'!$B:$B,0))<>""),"通过","失败") | H4: EU+CBAM
A5: VAL-002 | B5: 代码类字段必须存在 | C5: model_code / plant_code / *_id | D5: 产品代码、工厂代码、对象ID、安装点ID必须有。 | E5: 没有唯一 ID，系统无法对接也无法追责。 | F5: P1 | G5: =IF(AND(INDEX('01_手动输入'!$G:$G,MATCH("model_code",'01_手动输入'!$B:$B,0))<>"",INDEX('01_手动输入'!$G:$G,MATCH("plant_code",'01_手动输入'!$B:$B,0))<>"",INDEX('01_手动输入'!$G:$G,MATCH("qr_object_id",'01_手动输入'!$B:$B,0))<>""),"通过","失败") | H5: EU+CBAM
A6: VAL-003 | B6: 容量必须大于 0 | C6: pack_capacity_kwh | D6: 碳足迹要折算成每 kWh，容量不能为 0。 | E6: 容量错误会导致整张 PCF 表失真。 | F6: P1 | G6: =IF(INDEX('01_手动输入'!$G:$G,MATCH("pack_capacity_kwh",'01_手动输入'!$B:$B,0))>0,"通过","失败") | H6: EU
A7: VAL-004 | B7: 核心产品参数必须为正数 | C7: nominal_voltage_v / cycle_life_cycles | D7: 电压、循环寿命至少要像个正常产品参数。 | E7: 如果是 0 或空值，说明主数据没准备好。 | F7: P2 | G7: =IF(AND(INDEX('01_手动输入'!$G:$G,MATCH("nominal_voltage_v",'01_手动输入'!$B:$B,0))>0,INDEX('01_手动输入'!$G:$G,MATCH("cycle_life_cycles",'01_手动输入'!$B:$B,0))>0),"通过","失败") | H7: EU
A8: VAL-005 | B8: 产品类别和化学体系不能缺 | C8: battery_category / chemistry | D8: 这是欧盟理解产品是什么的第一层信息。 | E8: 缺了就无法归类。 | F8: P1 | G8: =IF(AND(INDEX('01_手动输入'!$G:$G,MATCH("battery_category",'01_手动输入'!$B:$B,0))<>"",INDEX('01_手动输入'!$G:$G,MATCH("chemistry",'01_手动输入'!$B:$B,0))<>""),"通过","失败") | H8: EU
A9: VAL-006 | B9: 状态字段必须落在可理解状态中 | C9: 各类 *_status | D9: 状态不能乱写，至少要在齐备/待补充/已核验这些词里。 | E9: 状态乱写会让项目经理和审计都看不懂。 | F9: P2 | G9: =IF(AND(OR(INDEX('01_手动输入'!$G:$G,MATCH("pcf_study_status",'01_手动输入'!$B:$B,0))="齐备",INDEX('01_手动输入'!$G:$G,MATCH("pcf_study_status",'01_手动输入'!$B:$B,0))="部分齐备",INDEX('01_手动输入'!$G:$G,MATCH("pcf_study_status",'01_手动输入'!$B:$B,0))="待补充"),OR(INDEX('01_手动输入'!$G:$G,MATCH("third_party_verification_status",'01_手动输入'!$B:$B,0))="已核验",INDEX('01_手动输入'!$G:$G,MATCH("third_party_verification_status",'01_手动输入'!$B:$B,0))="未核验",INDEX('01_手动输入'!$G:$G,MATCH("third_party_verification_status",'01_手动输入'!$B:$B,0))="待补充")),"通过","失败") | H9: EU+CBAM
A10: VAL-007 | B10: 百分比字段要在 0 到 1 之间 | C10: coverage / recycled / yield | D10: 这张表统一用 0.92 这种小数，不用 92。 | E10: 格式错了会把结果放大 100 倍。 | F10: P1 | G10: =IF(AND(INDEX('01_手动输入'!$G:$G,MATCH("supplier_traceability_coverage_pct",'01_手动输入'!$B:$B,0))>=0,INDEX('01_手动输入'!$G:$G,MATCH("supplier_traceability_coverage_pct",'01_手动输入'!$B:$B,0))<=1,INDEX('01_手动输入'!$G:$G,MATCH("supplier_pcf_coverage_pct",'01_手动输入'!$B:$B,0))>=0,INDEX('01_手动输入'!$G:$G,MATCH("supplier_pcf_coverage_pct",'01_手动输入'!$B:$B,0))<=1,INDEX('01_手动输入'!$G:$G,MATCH("recycled_lithium_pct",'01_手动输入'!$B:$B,0))>=0,INDEX('01_手动输入'!$G:$G,MATCH("recycled_lithium_pct",'01_手动输入'!$B:$B,0))<=1),"通过","失败") | H10: EU+CBAM
A11: VAL-008 | B11: 质量数据不能为负 | C11: 各类 *_mass_kg | D11: 材料质量不能小于 0。 | E11: 负数通常是录错单位或录错方向。 | F11: P1 | G11: =IF(AND(INDEX('01_手动输入'!$G:$G,MATCH("cathode_mass_kg",'01_手动输入'!$B:$B,0))>=0,INDEX('01_手动输入'!$G:$G,MATCH("aluminium_mass_kg",'01_手动输入'!$B:$B,0))>=0,INDEX('01_手动输入'!$G:$G,MATCH("steel_mass_kg",'01_手动输入'!$B:$B,0))>=0),"通过","失败") | H11: EU+CBAM
A12: VAL-009 | B12: 排放因子不能为负 | C12: 各类 pcf / factor | D12: 因子最少也应该是 0，不应该出现负数。 | E12: 因子错误会把计算全部带偏。 | F12: P1 | G12: =IF(AND(INDEX('01_手动输入'!$G:$G,MATCH("cathode_pcf",'01_手动输入'!$B:$B,0))>=0,INDEX('01_手动输入'!$G:$G,MATCH("grid_electricity_factor",'01_手动输入'!$B:$B,0))>=0,INDEX('01_手动输入'!$G:$G,MATCH("aluminium_direct_pcf",'01_手动输入'!$B:$B,0))>=0,INDEX('01_手动输入'!$G:$G,MATCH("steel_direct_pcf",'01_手动输入'!$B:$B,0))>=0),"通过","失败") | H12: EU+CBAM
A13: VAL-010 | B13: 制造能耗数据不能为负 | C13: 电/蒸汽/天然气/运输 | D13: 工厂能耗和运输排放不能录成负数。 | E13: 这是最常见的单位和符号错误。 | F13: P1 | G13: =IF(AND(INDEX('01_手动输入'!$G:$G,MATCH("grid_electricity_kwh",'01_手动输入'!$B:$B,0))>=0,INDEX('01_手动输入'!$G:$G,MATCH("steam_mj",'01_手动输入'!$B:$B,0))>=0,INDEX('01_手动输入'!$G:$G,MATCH("natural_gas_mj",'01_手动输入'!$B:$B,0))>=0,INDEX('01_手动输入'!$G:$G,MATCH("inbound_transport_kgco2",'01_手动输入'!$B:$B,0))>=0,INDEX('01_手动输入'!$G:$G,MATCH("outbound_transport_kgco2",'01_手动输入'!$B:$B,0))>=0),"通过","失败") | H13: EU+CBAM
A14: VAL-011 | B14: 良率必须在 0 到 1 之间 | C14: production_yield_pct | D14: 良率如果超过 1，基本就是把 94% 误填成 94。 | E14: 会严重误导单位产品分摊。 | F14: P1 | G14: =IF(AND(INDEX('01_手动输入'!$G:$G,MATCH("production_yield_pct",'01_手动输入'!$B:$B,0))>0,INDEX('01_手动输入'!$G:$G,MATCH("production_yield_pct",'01_手动输入'!$B:$B,0))<=1),"通过","失败") | H14: EU
A15: VAL-012 | B15: 产品报告期和上游报告期要能对齐 | C15: reporting_period / upstream_reporting_period | D15: 上下游报告期最好一致，至少要能解释得通。 | E15: 不对齐时最容易被质疑数据拼接。 | F15: P2 | G15: =IF(INDEX('01_手动输入'!$G:$G,MATCH("reporting_period",'01_手动输入'!$B:$B,0))=INDEX('01_手动输入'!$G:$G,MATCH("upstream_reporting_period",'01_手动输入'!$B:$B,0)),"通过","失败") | H15: EU+CBAM
A16: VAL-013 | B16: 有铝钢质量就要有安装点 ID | C16: aluminium / steel installation | D16: 只要铝材和钢材用量大于 0，就应带出安装点 ID。 | E16: 否则 CBAM 影子链条无法落到 installation 级。 | F16: P1 | G16: =IF(AND(IF(INDEX('01_手动输入'!$G:$G,MATCH("aluminium_mass_kg",'01_手动输入'!$B:$B,0))>0,INDEX('01_手动输入'!$G:$G,MATCH("aluminium_supplier_installation_id",'01_手动输入'!$B:$B,0))<>"",TRUE),IF(INDEX('01_手动输入'!$G:$G,MATCH("steel_mass_kg",'01_手动输入'!$B:$B,0))>0,INDEX('01_手动输入'!$G:$G,MATCH("steel_supplier_installation_id",'01_手动输入'!$B:$B,0))<>"",TRUE)),"通过","失败") | H16: CBAM
A17: VAL-014 | B17: 正式合规状态要互相印证 | C17: PCF / 测试 / 技术 / 第三方 | D17: 如果说已经准备合规，就不能只有结果没有文档和核验状态。 | E17: 这是 demo 变正式项目时最容易露馅的地方。 | F17: P1 | G17: =IF(AND(INDEX('01_手动输入'!$G:$G,MATCH("pcf_study_status",'01_手动输入'!$B:$B,0))="齐备",INDEX('01_手动输入'!$G:$G,MATCH("test_report_status",'01_手动输入'!$B:$B,0))="齐备",INDEX('01_手动输入'!$G:$G,MATCH("technical_doc_status",'01_手动输入'!$B:$B,0))="齐备",INDEX('01_手动输入'!$G:$G,MATCH("third_party_verification_status",'01_手动输入'!$B:$B,0))="已核验"),"通过","失败") | H17: EU+CBAM
A18: VAL-015 | B18: 尽调政策链接要像个链接 | C18: due_diligence_policy_url | D18: 至少要以 http 开头，方便检查。 | E18: 没有链接，公开字段会断。 | F18: P3 | G18: =IF(LEFT(INDEX('01_手动输入'!$G:$G,MATCH("due_diligence_policy_url",'01_手动输入'!$B:$B,0)),4)="http","通过","失败") | H18: EU

Sheet 15_字段缺口与优先级
A1: 缺口清单：把 demo 和企业真正落地之间还差什么写清楚
A2: 这张表很重要，因为它帮助你诚实地讲：我们已经做到了什么，还没有做到什么，下一步先补哪几个洞。
A3: Gap ID | B3: 缺口主题 | C3: 当前状态 | D3: 为什么重要 | E3: 影响层 | F3: 优先级 | G3: 建议责任人 | H3: 下一步里程碑 | I3: 备注
A4: GAP-001 | B4: 公司级披露还没完全拆到产品+工厂级 | C4: 已在结构上支持，但仍是 demo 值 | D4: 欧盟电池法最看重 model + plant 级，不是公司年报级。 | E4: 字段映射 | F4: P1 | G4: 产品主数据+工厂EHS | H4: 建立型号-工厂-报告期绑定表 | I4: 这是从 ESG 叙事走向产品合规的第一步
A5: GAP-002 | B5: 材料用量仍未拆到供应商/材料等级级别 | C5: 当前只到申报单元聚合层 | D5: 没有供应商层，EU 尽调和 CBAM 影子模块都会偏弱。 | E5: 字段映射+证据映射 | F5: P1 | G5: 研发BOM+采购 | H5: 把关键原料拆到供应商和材料等级 | I5: 铝、钢、锂、石墨优先
A6: GAP-003 | B6: 中国口径因子还未形成欧盟可接受转换规则 | C6: 当前是 demo 因子 | D6: 这是老师和欧盟最容易追问的点。 | E6: 字段映射+核验映射 | F6: P1 | G6: LCA+法规合规 | H6: 形成中欧因子转换说明和替代规则 | I6: 也是 HKU 方案最有价值的地方
A7: GAP-004 | B7: 真实证据文件尚未建立索引仓 | C7: 当前只有证据包逻辑，没有挂真实文件 | D7: 没有证据仓，就还不是企业工具。 | E7: 证据映射 | F7: P1 | G7: 合规PMO+IT | H7: 建立证据索引与版本号 | I7: 后续可接 SharePoint/DMS
A8: GAP-005 | B8: 第三方核验链还只是状态字段 | C8: 当前没有真正接 NB/TUV 流程 | D8: 没有正式核验，就不能当成对外法定结果。 | E8: 核验映射 | F8: P1 | G8: 法规合规团队 | H8: 形成影子核验与正式核验双轨 | I8: 要坦诚讲清楚
A9: GAP-006 | B9: 访问矩阵已建字段，但没接实际权限系统 | C9: 逻辑层已搭好 | D9: 企业最怕敏感数据扩散。 | E9: 权限映射 | F9: P1 | G9: IT+法务+合规 | H9: 把角色权限落到系统和接口 | I9: 这是香港/欧盟/大陆三方信任的关键
A10: GAP-007 | B10: 个体电池序列化仍是前缀级 demo | C10: 还没到单只电池真实序列号 | D10: 未来数字护照会更强调个体级数据。 | E10: 字段映射 | F10: P2 | G10: 数字化产品团队 | H10: 建立序列号与护照对象映射 | I10: 现在先用 prefix 过渡
A11: GAP-008 | B11: 绿电证明还缺时间匹配和地域匹配 | C11: 当前只有数量和因子 | D11: 欧盟对绿电认定比国内叙事更严格。 | E11: 证据映射+核验映射 | F11: P2 | G11: 能源团队 | H11: 补 PPA/绿证的匹配规则 | I11: 避免“名义绿电”争议
A12: GAP-009 | B12: 运输与回收仍偏方法学假设 | C12: 当前是单条 demo 值 | D12: 如果路线和边界不真实，PCF 很容易被质疑。 | E12: 生命周期计算 | F12: P2 | G12: LCA与物流团队 | H12: 按真实物流路径重算 | I12: 适合第二阶段补
A13: GAP-010 | B13: CBAM 模块目前是 upstream shadow audit，不是正式电池申报 | C13: 概念上正确，法定范围需继续解释 | D13: 必须避免把 CBAM 讲成已经直接覆盖整块电池。 | E13: 方案叙事 | F13: P1 | G13: 汇报主讲人 | H13: 在 PPT 中明确“兼容上游 CBAM 风格字段” | I13: 这是可行性与严谨性的平衡点
A14: GAP-011 | B14: Tractus-X/Catena-X 还没接真实连接器 | C14: 当前仅完成表结构与前端适配层 | D14: 没有接口就还不是自动传输系统。 | E14: 前端/API | F14: P2 | G14: 数字化产品+前端 | H14: 用前端导出视图做第一版 API schema | I14: 这一步已经具备工程起点
A15: GAP-012 | B15: 中国数据出境与香港中立角色仍需法务边界确认 | C15: 方案层已识别风险 | D15: 这是政治/法务风险，不是 Excel 能解决的。 | E15: 治理层 | F15: P1 | G15: 法务+管理层 | H15: 形成不出敏感明细的最小披露策略 | I15: 要持续诚实面对

Sheet 16_假设与限制
A1: 假设与限制：把能做和不能做说清楚，反而更专业
A2: 你后面给老师、同学、企业高管讲这套工具时，这张表就是你的“防误解护城河”。
A3: 编号 | B3: 假设/限制 | C3: 这意味着什么 | D3: 对比赛叙事的影响 | E3: 后续如何补强 | F3: 当前等级
A4: ASM-001 | B4: 当前产品数据是公开架构 + demo 数值，不是真实 CATL 内部报送值 | C4: 这是一套原型，不是法定申报包 | D4: 可以讲方法，不要冒充正式报送 | E4: 后续接真实企业数据 | F4: 必须说明
A5: ASM-002 | B5: 欧盟电池法规下部分实施细则还会继续细化 | C5: 字段框架可以先搭，但具体格式未来可能更新 | D5: 讲“可升级结构”而不是“一步到位” | E5: 保留版本管理和规则更新机制 | F5: 必须说明
A6: ASM-003 | B6: CBAM 当前不等于直接覆盖整块动力电池 | C6: 我们这里做的是上游材料 CBAM 风格兼容模块 | D6: 可以讲“兼容”，不要讲“直接代替正式 CBAM 申报” | E6: 继续跟踪法定范围变化 | F6: 必须说明
A7: ASM-004 | B7: Tractus-X/Catena-X 不是自动合规翻译器 | C7: 它更像可信交换底座 | D7: HKU 的价值仍然在映射系统，不在传输协议本身 | E7: 后续做接口对接 | F7: 必须说明
A8: ASM-005 | B8: 当前没有接入 NB/TUV 的正式流程 | C8: 所以不能说已经通过法定核验 | D8: 只能讲影子核验和预备结构 | E8: 后续邀请第三方评审 | F8: 必须说明
A9: ASM-006 | B9: 当前没有真实证据文件仓库与签批流 | C9: 证据逻辑已建，但企业治理还没完全落地 | D9: 比赛上可以展示治理设计能力 | E9: 后续接 DMS/审批流 | F9: 高优先
A10: ASM-007 | B10: 中国大陆、香港、欧盟三方对数据主权的看法并不一致 | C10: 这不是单靠技术就能彻底解决的 | D10: 方案里要强调最小披露、分层访问、受控核验 | E10: 后续拉法务参与 | F10: 高优先
A11: ASM-008 | B11: 现有 CATL 公开披露主要还是公司/entity 级 | C11: 需要继续拆成型号/工厂/供应商级 | D11: 正好说明为什么要做四层映射 | E11: 后续补字段绑定关系 | F11: 高优先
A12: ASM-009 | B12: 当前 Excel 只是最容易讨论的载体 | C12: 真正企业系统未来更适合做成前端 + API + 权限系统 | D12: Excel 是原型，不是最终产品形态 | E12: 后续前端化 | F12: 中优先
A13: ASM-010 | B13: 排放因子如果没有欧盟认可路径，仍可能被采用更保守默认值 | C13: 这正是中欧口径转换系统存在的意义 | D13: 要把这点讲成项目必要性，而不是缺陷 | E13: 做因子校准和对照报告 | F13: 高优先

Sheet 17_责任链与版本
A1: 责任链与版本：没有 owner 和版本，企业系统就不算真的存在
A2: 上半部分回答“谁负责什么”，下半部分回答“这份工具现在是什么版本、改了什么”。
A3: 角色 | B3: 主要职责 | C3: 重点字段/对象 | D3: 审核频率 | E3: 建议 owner | F3: 升级前状态 | G3: 升级后状态
A4: 产品主数据团队 | B4: 维护型号、产品分类、对象ID | C4: manufacturer/product/model/qr object | D4: 每次产品变更 | E4: 产品数字化负责人 | F4: 只有基础输入字段 | G4: 已补到字段字典和前端导出视图
A5: 工厂EHS与能源团队 | B5: 维护工厂、能耗、工艺排放 | C5: plant/energy/process | D5: 每月/每季 | E5: 工厂EHS经理 | F5: 只有 demo 值 | G5: 已补到证据包和校验规则
A6: LCA与碳核算团队 | B6: 维护 PCF 方法、边界、因子 | C6: PCF/运输/回收/因子 | D6: 每次规则更新 | E6: LCA负责人 | F6: 只有计算过程 | G6: 已补到证据台账和假设限制
A7: 采购与供应链团队 | B7: 维护供应商追溯、供应商PCF、再生料 | C7: supplier traceability/PCF/recycled content | D7: 每季 | E7: 采购可持续负责人 | F7: 只有覆盖率字段 | G7: 已补到缺口清单和证据包
A8: 法规合规团队 | B8: 维护合规状态、第三方核验、对外输出 | C8: status/verification/EU outputs | D8: 每次报送前 | E8: 法规合规经理 | F8: 只有输出表 | G8: 已补到规则、责任链、缺口优先级
A9: 法务/IT/权限团队 | B9: 维护权限矩阵、数据分类、接口控制 | C9: access/confidentiality | D9: 每次角色变更 | E9: 法务或IT治理负责人 | F9: 只有一张权限映射表 | G9: 已补到权限治理和前端导出层
A10: 项目 PMO / HKU 研究组 | B10: 维护版本、方法论说明、演示文件 | C10: dictionary/gaps/assumptions/logs | D10: 每次迭代 | E10: 项目经理/研究助理 | F10: 无系统化版本说明 | G10: 已形成版本与日志入口
A13: 版本记录
A14: 版本号 | B14: 日期 | C14: 变更摘要 | D14: 为什么改 | E14: 主要新增 Sheet/能力 | F14: 适合谁用 | G14: 备注
A15: v0_demo | B15: 2026-04-07 | C15: 初版四层映射 demo | D15: 先把 EU / CBAM 兼容逻辑跑通 | E15: 01-11 | F15: 比赛讨论 | G15: 更像方法 demo
A16: v1_enterprise_prototype | B16: 2026-04-07 | C16: 补齐治理、证据、缺口、责任链和前端导出层 | D16: 把 demo 往企业原型推进 | E16: 00, 12-18 | F16: 比赛 + 产品原型 + 团队协作 | G16: 仍不是法定申报系统

Sheet 18_前端导出视图
A1: 前端导出视图：后续做网页、API、JSON 最推荐直接读取这一张
A2: 它把 EU 输出和 CBAM 输出都拉平成一张结构化表，前端同学不用再去跨多张表拼数据。
A3: 场景 | B3: 模块 | C3: 输出字段 | D3: 单位 | E3: 当前值 | F3: 证据状态 | G3: 核验层级 | H3: 访问层级 | I3: 当前状态 | J3: 来源Sheet | K3: 原行号
A4: EU Battery Regulation | B4: ='02_欧盟电池法输出'!A4 | C4: ='02_欧盟电池法输出'!B4 | D4: ='02_欧盟电池法输出'!C4 | E4: ='02_欧盟电池法输出'!D4 | F4: ='02_欧盟电池法输出'!E4 | G4: ='02_欧盟电池法输出'!F4 | H4: ='02_欧盟电池法输出'!G4 | I4: ='02_欧盟电池法输出'!H4 | J4: 02_欧盟电池法输出 | K4: 4
A5: EU Battery Regulation | B5: ='02_欧盟电池法输出'!A5 | C5: ='02_欧盟电池法输出'!B5 | D5: ='02_欧盟电池法输出'!C5 | E5: ='02_欧盟电池法输出'!D5 | F5: ='02_欧盟电池法输出'!E5 | G5: ='02_欧盟电池法输出'!F5 | H5: ='02_欧盟电池法输出'!G5 | I5: ='02_欧盟电池法输出'!H5 | J5: 02_欧盟电池法输出 | K5: 5
A6: EU Battery Regulation | B6: ='02_欧盟电池法输出'!A6 | C6: ='02_欧盟电池法输出'!B6 | D6: ='02_欧盟电池法输出'!C6 | E6: ='02_欧盟电池法输出'!D6 | F6: ='02_欧盟电池法输出'!E6 | G6: ='02_欧盟电池法输出'!F6 | H6: ='02_欧盟电池法输出'!G6 | I6: ='02_欧盟电池法输出'!H6 | J6: 02_欧盟电池法输出 | K6: 6
A7: EU Battery Regulation | B7: ='02_欧盟电池法输出'!A7 | C7: ='02_欧盟电池法输出'!B7 | D7: ='02_欧盟电池法输出'!C7 | E7: ='02_欧盟电池法输出'!D7 | F7: ='02_欧盟电池法输出'!E7 | G7: ='02_欧盟电池法输出'!F7 | H7: ='02_欧盟电池法输出'!G7 | I7: ='02_欧盟电池法输出'!H7 | J7: 02_欧盟电池法输出 | K7: 7
A8: EU Battery Regulation | B8: ='02_欧盟电池法输出'!A8 | C8: ='02_欧盟电池法输出'!B8 | D8: ='02_欧盟电池法输出'!C8 | E8: ='02_欧盟电池法输出'!D8 | F8: ='02_欧盟电池法输出'!E8 | G8: ='02_欧盟电池法输出'!F8 | H8: ='02_欧盟电池法输出'!G8 | I8: ='02_欧盟电池法输出'!H8 | J8: 02_欧盟电池法输出 | K8: 8
A9: EU Battery Regulation | B9: ='02_欧盟电池法输出'!A9 | C9: ='02_欧盟电池法输出'!B9 | D9: ='02_欧盟电池法输出'!C9 | E9: ='02_欧盟电池法输出'!D9 | F9: ='02_欧盟电池法输出'!E9 | G9: ='02_欧盟电池法输出'!F9 | H9: ='02_欧盟电池法输出'!G9 | I9: ='02_欧盟电池法输出'!H9 | J9: 02_欧盟电池法输出 | K9: 9
A10: EU Battery Regulation | B10: ='02_欧盟电池法输出'!A10 | C10: ='02_欧盟电池法输出'!B10 | D10: ='02_欧盟电池法输出'!C10 | E10: ='02_欧盟电池法输出'!D10 | F10: ='02_欧盟电池法输出'!E10 | G10: ='02_欧盟电池法输出'!F10 | H10: ='02_欧盟电池法输出'!G10 | I10: ='02_欧盟电池法输出'!H10 | J10: 02_欧盟电池法输出 | K10: 10
A11: EU Battery Regulation | B11: ='02_欧盟电池法输出'!A11 | C11: ='02_欧盟电池法输出'!B11 | D11: ='02_欧盟电池法输出'!C11 | E11: ='02_欧盟电池法输出'!D11 | F11: ='02_欧盟电池法输出'!E11 | G11: ='02_欧盟电池法输出'!F11 | H11: ='02_欧盟电池法输出'!G11 | I11: ='02_欧盟电池法输出'!H11 | J11: 02_欧盟电池法输出 | K11: 11
A12: EU Battery Regulation | B12: ='02_欧盟电池法输出'!A12 | C12: ='02_欧盟电池法输出'!B12 | D12: ='02_欧盟电池法输出'!C12 | E12: ='02_欧盟电池法输出'!D12 | F12: ='02_欧盟电池法输出'!E12 | G12: ='02_欧盟电池法输出'!F12 | H12: ='02_欧盟电池法输出'!G12 | I12: ='02_欧盟电池法输出'!H12 | J12: 02_欧盟电池法输出 | K12: 12
A13: EU Battery Regulation | B13: ='02_欧盟电池法输出'!A13 | C13: ='02_欧盟电池法输出'!B13 | D13: ='02_欧盟电池法输出'!C13 | E13: ='02_欧盟电池法输出'!D13 | F13: ='02_欧盟电池法输出'!E13 | G13: ='02_欧盟电池法输出'!F13 | H13: ='02_欧盟电池法输出'!G13 | I13: ='02_欧盟电池法输出'!H13 | J13: 02_欧盟电池法输出 | K13: 13
A14: EU Battery Regulation | B14: ='02_欧盟电池法输出'!A14 | C14: ='02_欧盟电池法输出'!B14 | D14: ='02_欧盟电池法输出'!C14 | E14: ='02_欧盟电池法输出'!D14 | F14: ='02_欧盟电池法输出'!E14 | G14: ='02_欧盟电池法输出'!F14 | H14: ='02_欧盟电池法输出'!G14 | I14: ='02_欧盟电池法输出'!H14 | J14: 02_欧盟电池法输出 | K14: 14
A15: EU Battery Regulation | B15: ='02_欧盟电池法输出'!A15 | C15: ='02_欧盟电池法输出'!B15 | D15: ='02_欧盟电池法输出'!C15 | E15: ='02_欧盟电池法输出'!D15 | F15: ='02_欧盟电池法输出'!E15 | G15: ='02_欧盟电池法输出'!F15 | H15: ='02_欧盟电池法输出'!G15 | I15: ='02_欧盟电池法输出'!H15 | J15: 02_欧盟电池法输出 | K15: 15
... A34: EU Battery Regulation | B34: ='02_欧盟电池法输出'!A34 | C34: ='02_欧盟电池法输出'!B34 | D34: ='02_欧盟电池法输出'!C34 | E34: ='02_欧盟电池法输出'!D34 | F34: ='02_欧盟电池法输出'!E34 | G34: ='02_欧盟电池法输出'!F34 | H34: ='02_欧盟电池法输出'!G34 | I34: ='02_欧盟电池法输出'!H34 | J34: 02_欧盟电池法输出 | K34: 34
A35: CBAM Shadow Output | B35: ='03_CBAM输出'!A4 | C35: ='03_CBAM输出'!B4 | D35: ='03_CBAM输出'!C4 | E35: ='03_CBAM输出'!D4 | F35: ='03_CBAM输出'!E4 | G35: ='03_CBAM输出'!F4 | H35: ='03_CBAM输出'!G4 | I35: ='03_CBAM输出'!H4 | J35: 03_CBAM输出 | K35: 4
A36: CBAM Shadow Output | B36: ='03_CBAM输出'!A5 | C36: ='03_CBAM输出'!B5 | D36: ='03_CBAM输出'!C5 | E36: ='03_CBAM输出'!D5 | F36: ='03_CBAM输出'!E5 | G36: ='03_CBAM输出'!F5 | H36: ='03_CBAM输出'!G5 | I36: ='03_CBAM输出'!H5 | J36: 03_CBAM输出 | K36: 5
A37: CBAM Shadow Output | B37: ='03_CBAM输出'!A6 | C37: ='03_CBAM输出'!B6 | D37: ='03_CBAM输出'!C6 | E37: ='03_CBAM输出'!D6 | F37: ='03_CBAM输出'!E6 | G37: ='03_CBAM输出'!F6 | H37: ='03_CBAM输出'!G6 | I37: ='03_CBAM输出'!H6 | J37: 03_CBAM输出 | K37: 6
A38: CBAM Shadow Output | B38: ='03_CBAM输出'!A7 | C38: ='03_CBAM输出'!B7 | D38: ='03_CBAM输出'!C7 | E38: ='03_CBAM输出'!D7 | F38: ='03_CBAM输出'!E7 | G38: ='03_CBAM输出'!F7 | H38: ='03_CBAM输出'!G7 | I38: ='03_CBAM输出'!H7 | J38: 03_CBAM输出 | K38: 7
A39: CBAM Shadow Output | B39: ='03_CBAM输出'!A8 | C39: ='03_CBAM输出'!B8 | D39: ='03_CBAM输出'!C8 | E39: ='03_CBAM输出'!D8 | F39: ='03_CBAM输出'!E8 | G39: ='03_CBAM输出'!F8 | H39: ='03_CBAM输出'!G8 | I39: ='03_CBAM输出'!H8 | J39: 03_CBAM输出 | K39: 8
A40: CBAM Shadow Output | B40: ='03_CBAM输出'!A9 | C40: ='03_CBAM输出'!B9 | D40: ='03_CBAM输出'!C9 | E40: ='03_CBAM输出'!D9 | F40: ='03_CBAM输出'!E9 | G40: ='03_CBAM输出'!F9 | H40: ='03_CBAM输出'!G9 | I40: ='03_CBAM输出'!H9 | J40: 03_CBAM输出 | K40: 9
A41: CBAM Shadow Output | B41: ='03_CBAM输出'!A10 | C41: ='03_CBAM输出'!B10 | D41: ='03_CBAM输出'!C10 | E41: ='03_CBAM输出'!D10 | F41: ='03_CBAM输出'!E10 | G41: ='03_CBAM输出'!F10 | H41: ='03_CBAM输出'!G10 | I41: ='03_CBAM输出'!H10 | J41: 03_CBAM输出 | K41: 10
A42: CBAM Shadow Output | B42: ='03_CBAM输出'!A11 | C42: ='03_CBAM输出'!B11 | D42: ='03_CBAM输出'!C11 | E42: ='03_CBAM输出'!D11 | F42: ='03_CBAM输出'!E11 | G42: ='03_CBAM输出'!F11 | H42: ='03_CBAM输出'!G11 | I42: ='03_CBAM输出'!H11 | J42: 03_CBAM输出 | K42: 11
A43: CBAM Shadow Output | B43: ='03_CBAM输出'!A12 | C43: ='03_CBAM输出'!B12 | D43: ='03_CBAM输出'!C12 | E43: ='03_CBAM输出'!D12 | F43: ='03_CBAM输出'!E12 | G43: ='03_CBAM输出'!F12 | H43: ='03_CBAM输出'!G12 | I43: ='03_CBAM输出'!H12 | J43: 03_CBAM输出 | K43: 12
A44: CBAM Shadow Output | B44: ='03_CBAM输出'!A13 | C44: ='03_CBAM输出'!B13 | D44: ='03_CBAM输出'!C13 | E44: ='03_CBAM输出'!D13 | F44: ='03_CBAM输出'!E13 | G44: ='03_CBAM输出'!F13 | H44: ='03_CBAM输出'!G13 | I44: ='03_CBAM输出'!H13 | J44: 03_CBAM输出 | K44: 13
A45: CBAM Shadow Output | B45: ='03_CBAM输出'!A14 | C45: ='03_CBAM输出'!B14 | D45: ='03_CBAM输出'!C14 | E45: ='03_CBAM输出'!D14 | F45: ='03_CBAM输出'!E14 | G45: ='03_CBAM输出'!F14 | H45: ='03_CBAM输出'!G14 | I45: ='03_CBAM输出'!H14 | J45: 03_CBAM输出 | K45: 14
A46: CBAM Shadow Output | B46: ='03_CBAM输出'!A15 | C46: ='03_CBAM输出'!B15 | D46: ='03_CBAM输出'!C15 | E46: ='03_CBAM输出'!D15 | F46: ='03_CBAM输出'!E15 | G46: ='03_CBAM输出'!F15 | H46: ='03_CBAM输出'!G15 | I46: ='03_CBAM输出'!H15 | J46: 03_CBAM输出 | K46: 15
... A54: CBAM Shadow Output | B54: ='03_CBAM输出'!A23 | C54: ='03_CBAM输出'!B23 | D54: ='03_CBAM输出'!C23 | E54: ='03_CBAM输出'!D23 | F54: ='03_CBAM输出'!E23 | G54: ='03_CBAM输出'!F23 | H54: ='03_CBAM输出'!G23 | I54: ='03_CBAM输出'!H23 | J54: 03_CBAM输出 | K54: 23

Sheet 00_项目总览
A1: CATL 四层映射引擎 Enterprise Prototype 总览
A2: 这不是最终法定申报系统，而是一套更接近企业可落地形态的合规原型：一个入口录入，自动生成 EU Battery Regulation 输出、CBAM 影子输出、证据链和治理链。
A4: 模块 | B4: 指标 | C4: 当前值 | D4: 解释 | E4: 模块 | F4: 指标 | G4: 当前值 | H4: 解释
A5: 输入层 | B5: 手动输入字段总数 | C5: =COUNTA('01_手动输入'!$B$4:$B$200) | D5: 目前共维护多少个输入字段 | E5: 治理层 | F5: 高优先级缺口数 | G5: =COUNTIF('15_字段缺口与优先级'!$F$4:$F$200,"P1") | H5: 最应该优先补的系统缺口
A6: 输入层 | B6: 已填输入字段数 | C6: =COUNTIF('01_手动输入'!$G$4:$G$200,"<>") | D6: 实际输入值列中已填的字段数 | E6: 治理层 | F6: 证据包总数 | G6: =COUNTA('13_证据台账'!$A$4:$A$200) | H6: 关键证据包数量
A7: 输入层 | B7: 输入完成率 | C7: =IFERROR(C6/C5,0) | D7: 用于快速判断 demo 是否跑得起来 | E7: 治理层 | F7: 证据包已具备 | G7: =COUNTIF('13_证据台账'!$E$4:$E$200,"证据齐备") | H7: 已经达到可支撑输出的证据包
A8: EU 输出 | B8: EU 输出字段数 | C8: =COUNTA('02_欧盟电池法输出'!$B$4:$B$200) | D8: 欧盟电池法输出字段条数 | E8: 治理层 | F8: 校验规则数 | G8: =COUNTA('14_校验规则'!$A$4:$A$200) | H8: 已写进系统的规则条数
A9: EU 输出 | B9: EU 已生成条数 | C9: =COUNTIF('02_欧盟电池法输出'!$H$4:$H$200,"已生成") | D9: 公式已生成的条数 | E9: 治理层 | F9: 校验通过数 | G9: =COUNTIF('14_校验规则'!$G$4:$G$200,"通过") | H9: 当前 demo 值通过的规则数
A10: CBAM 输出 | B10: CBAM 输出字段数 | C10: =COUNTA('03_CBAM输出'!$B$4:$B$200) | D10: CBAM 影子输出字段条数 | E10: 前端层 | F10: 前端导出记录数 | G10: =COUNTA('18_前端导出视图'!$A$4:$A$400) | H10: 后续前端/API 最适合直接读取的记录数
A11: CBAM 输出 | B11: CBAM 已生成条数 | C11: =COUNTIF('03_CBAM输出'!$H$4:$H$200,"已生成") | D11: 公式已生成的条数 | E11: 版本 | F11: 当前版本 | G11: "Enterprise Prototype v1 (2026-04-07)" | H11: 本次升级后的工作簿版本
A14: 建议使用顺序
A15: 步骤 | B15: 先看什么 | C15: 为什么 | D15: 你要做什么 | E15: 系统自动做什么 | F15: 结果去哪看 | G15: 适合谁看 | H15: 备注
A16: 1 | B16: 01_手动输入 | C16: 这是唯一的人工入口 | D16: 只改 G 列实际输入值 | E16: 自动带出元数据 | F16: 01_手动输入 | G16: 项目成员 | H16: 不要改其他 Sheet
A17: 2 | B17: 13_证据台账 | C17: 确认有没有证据支撑 | D17: 看哪些证据包还缺 | E17: 按状态聚合 | F17: 13_证据台账 | G17: 合规/审查同学 | H17: 先补高风险证据
A18: 3 | B18: 14_校验规则 | C18: 先排低级错误 | D18: 看哪些规则没过 | E18: 公式自动判定 | F18: 14_校验规则 | G18: 建模/数据同学 | H18: 避免错把 demo 值当正式值
A19: 4 | B19: 02/03 输出 | C19: 生成对外口径 | D19: 查看 EU 与 CBAM 结果 | E19: 自动汇总 | F19: 02_欧盟电池法输出 / 03_CBAM输出 | G19: 讲比赛/汇报同学 | H19: 适合展示
A20: 5 | B20: 18_前端导出视图 | C20: 方便做产品界面 | D20: 给前端或 API 使用 | E20: 拉平字段 | F20: 18_前端导出视图 | G20: 前端/产品同学 | H20: 后续最容易接系统
A23: 工作簿导航
A24: Sheet | B24: 作用 | C24: 是否手动填写 | D24: 适合谁看 | E24: Sheet | F24: 作用 | G24: 是否手动填写 | H24: 适合谁看
A25: 01_手动输入 | B25: 唯一人工入口 | C25: 是 | D25: 全部成员 | E25: 08_生命周期计算过程 | F25: 碳足迹计算拆解 | G25: 否 | H25: LCA同学
A26: 02_欧盟电池法输出 | B26: 欧盟电池法结果 | C26: 否 | D26: 汇报/法规 | E26: 09_EU中间表 | F26: EU 中间结果 | G26: 否 | H26: 系统/前端
A27: 03_CBAM输出 | B27: CBAM 影子结果 | C27: 否 | D27: 汇报/采购/法规 | E27: 10_CBAM中间表 | F27: CBAM 中间结果 | G27: 否 | H27: 系统/前端
A28: 04_字段映射过程 | B28: 字段怎么转 | C28: 否 | D28: 建模同学 | E28: 11_CATL公开披露架构 | F28: CATL 公开口径拆解 | G28: 否 | H28: 研究同学
A29: 05_证据映射过程 | B29: 输出背后的证据 | C29: 否 | D29: 合规同学 | E29: 12_字段字典 | F29: 字段元数据中心 | G29: 否 | H29: 建模/治理
A30: 06_核验映射过程 | B30: 谁来确认 | C30: 否 | D30: 核验/项目管理 | E30: 13_证据台账 | F30: 证据包清单 | G30: 否 | H30: 合规/审计
A31: 07_权限映射过程 | B31: 谁能看什么 | C31: 否 | D31: 法务/IT/合规 | E31: 14-18 | F31: 规则/缺口/责任/前端导出 | G31: 否 | H31: 项目核心组
